Time,1,2.5,5,10,50
5.00E-05,0.568966868,0.666523067,0.619056944,0.718258009,0.692723428
1.00E-04,0.578601087,0.660883534,0.614396497,0.712892619,0.692880087
1.50E-04,0.591760018,0.66981281,0.614631483,0.707605557,0.681875158
2.13E-04,0.607112104,0.677567184,0.60887446,0.705569064,0.666366432
2.63E-04,0.615453929,0.664447428,0.608287014,0.713323436,0.653794964
3.13E-04,0.613339107,0.656066451,0.613887396,0.708937133,0.655283182
3.63E-04,0.604292352,0.648664561,0.618547854,0.708114706,0.654539081
4.13E-04,0.590585143,0.64678472,0.612399195,0.709289616,0.652894221
4.75E-04,0.584123178,0.646863054,0.591995035,0.696248188,0.662450115
5.25E-04,0.578953606,0.639931126,0.592073368,0.700125377,0.661118563
5.75E-04,0.582713305,0.644630748,0.585650565,0.696522344,0.661118568
6.25E-04,0.593757408,0.643377523,0.589566917,0.697305619,0.664094998
6.88E-04,0.599083647,0.635349019,0.595284791,0.678076363,0.667423899
7.38E-04,0.611263492,0.628926216,0.593444113,0.679290436,0.664447481
7.88E-04,0.614474902,0.605232323,0.596929668,0.679329605,0.662802622
8.38E-04,0.611146012,0.602882521,0.598104578,0.667619734,0.65097526
9.00E-04,0.606994692,0.596303065,0.59003691,0.66151024,0.627673003
9.50E-04,0.594736532,0.603156678,0.58725631,0.647489724,0.624422441
0.001,0.569045302,0.611106867,0.584945671,0.646158172,0.638286314
0.00106,0.563914895,0.604566575,0.583183322,0.642594303,0.623835002
0.00111,0.568614517,0.590820204,0.581420971,0.628808768,0.629474547
0.00116,0.580050256,0.594070777,0.58991945,0.616707262,0.621132734
0.00123,0.59559816,0.587687139,0.585611475,0.588274591,0.622111828
0.00128,0.597399685,0.579110345,0.576173085,0.584279923,0.613260889
0.00133,0.587804641,0.582400082,0.567204656,0.596303113,0.620349483
0.00139,0.554124065,0.589645331,0.55553395,0.606446459,0.630766973
0.00144,0.559215322,0.590193625,0.538458683,0.608678782,0.605389051
0.0015,0.551970087,0.589449526,0.538184546,0.595637354,0.588822911
0.00155,0.543706601,0.575781481,0.546683024,0.586590599,0.593953331
0.0016,0.554163253,0.576329776,0.548367059,0.586708095,0.59512824
0.00166,0.554045769,0.583457534,0.564698233,0.589253727,0.582008486
0.00171,0.550834371,0.57668226,0.567674662,0.570102797,0.571356028
0.00178,0.542923357,0.561956803,0.560781899,0.548445406,0.576251469
0.00183,0.520913494,0.562779241,0.559019548,0.555416509,0.578248811
0.00189,0.517545442,0.559019555,0.544294091,0.57104274,0.58561155
0.00194,0.526866354,0.55686557,0.536304749,0.570846928,0.585337412
0.00199,0.530900196,0.551500181,0.540103611,0.560664432,0.569867847
0.00205,0.521187663,0.542179282,0.521814279,0.559528699,0.562348469
0.0021,0.531370171,0.547936318,0.521070179,0.545351529,0.575859871
0.00216,0.522440907,0.559137077,0.527884629,0.539007054,0.568732127
0.00221,0.516448902,0.528667904,0.526239769,0.531252693,0.535834819
0.00228,0.507597965,0.524751565,0.526670574,0.546643943,0.524124949
0.00234,0.505404818,0.522558417,0.512454243,0.555142423,0.544803267
0.00239,0.488212061,0.521775154,0.514138277,0.540886926,0.536696435
0.00245,0.492794194,0.50516985,0.525652344,0.521383526,0.517780487
0.0025,0.487232987,0.494674046,0.51887707,0.520051974,0.506148943
0.00256,0.488133754,0.501253516,0.52557403,0.516683923,0.500117776
0.00261,0.489974443,0.488877866,0.509203706,0.4998828,0.490013606
0.00268,0.483669132,0.489778633,0.499530336,0.484726545,0.477677121
0.00273,0.481906781,0.487624648,0.495653159,0.466515538,0.467377135
0.00279,0.48519652,0.477363826,0.501410196,0.476854701,0.477794624
0.00285,0.486449758,0.470196918,0.49584899,0.495026557,0.490405268
0.0029,0.474230761,0.483904138,0.490405274,0.500470285,0.473839127
0.00296,0.475679817,0.484922395,0.48543152,0.496671436,0.476188942
0.00303,0.468904544,0.478538757,0.485549018,0.493342548,0.475288189
0.00308,0.468669569,0.483160052,0.496044833,0.48844712,0.475993137
0.00314,0.471606836,0.477481356,0.502428485,0.490796935,0.474309115
0.0032,0.466163121,0.466319775,0.488094663,0.48817299,0.477363873
0.00325,0.468591262,0.471567685,0.486763111,0.483042581,0.487037255
0.00331,0.457664661,0.464479105,0.503329265,0.475523203,0.479400386
0.00338,0.447482166,0.458487101,0.508577177,0.4756407,0.483943355
0.00343,0.456098135,0.463304213,0.495300767,0.48652815,0.490170353
0.00349,0.461933499,0.468591289,0.484374166,0.480927781,0.486058195
0.00355,0.47282095,0.474113345,0.486293183,0.484726645,0.470706123
0.00361,0.476933122,0.482416007,0.493655923,0.484452507,0.472664303
0.00366,0.462481807,0.480771147,0.485314109,0.488094716,0.471606896
0.00373,0.474465836,0.479752904,0.489112973,0.482807655,0.473251768
0.00379,0.480692834,0.477755574,0.501606126,0.484217547,0.467690563
0.00385,0.485784092,0.471920225,0.498120585,0.491345305,0.465262435
0.0039,0.483512617,0.488643031,0.494987513,0.488643031,0.464949133
0.00396,0.478421373,0.491776116,0.491736952,0.49216775,0.470079554
0.00403,0.483316814,0.502154442,0.480771188,0.500235432,0.474661687
0.00409,0.485784119,0.498120612,0.489896283,0.487546475,0.470667021
0.00415,0.477559798,0.494478416,0.491188685,0.486528232,0.479987933
0.00421,0.487468163,0.488760557,0.490092115,0.481436988,0.479204671
0.00426,0.501018728,0.490640409,0.48985714,0.482376917,0.483865129
0.00433,0.512532795,0.476854875,0.500862082,0.47442674,0.485196694
0.00439,0.504386801,0.47333017,0.513355235,0.477285681,0.491267039
0.00445,0.494125979,0.484178458,0.511945357,0.485314199,0.480732073
0.00451,0.498316477,0.501097084,0.512336999,0.496005833,0.482141965
0.00458,0.491854512,0.499413062,0.508381496,0.501332072,0.495183407
0.00464,0.486919922,0.492598625,0.505287589,0.495966683,0.488173153
0.0047,0.508812308,0.501449576,0.499178095,0.495340075,0.490522968
0.00476,0.508577334,0.495966698,0.509791402,0.501332093,0.487703206
0.00481,0.51613589,0.492167847,0.505914224,0.510183042,0.487938192
0.00488,0.518642359,0.496201691,0.507167462,0.503055298,0.492324508
0.00494,0.517976587,0.502311199,0.49870816,0.51597925,0.489465582
0.005,0.514608536,0.495183455,0.493930224,0.515470132,0.485392588
0.00506,0.512689533,0.507206647,0.507089157,0.520130592,0.501880415
0.00513,0.523263676,0.512532886,0.502977,0.524869378,0.494008565
0.00519,0.518564067,0.504778526,0.497102486,0.513237835,0.486841658
0.00525,0.517232516,0.512611227,0.508146592,0.503877774,0.492011243
0.00531,0.507833291,0.512258763,0.52385115,0.505914281,0.485157643
0.00538,0.506149269,0.507989952,0.519464848,0.507363336,0.50062722
0.00544,0.484452715,0.512689575,0.512885393,0.505835968,0.502781218
0.00551,0.511318862,0.512572093,0.512454603,0.508616583,0.497768302
0.00558,0.510378946,0.507324196,0.508068302,0.503368685,0.49393029
0.00564,0.500548923,0.523342061,0.509517357,0.506932568,0.499452346
0.0057,0.493068707,0.520287318,0.503407863,0.512415461,0.504308623
0.00576,0.505953496,0.511867179,0.508577448,0.512415468,0.491932974
0.00583,0.502546281,0.50795084,0.514060341,0.510300648,0.498943242
0.00589,0.506305981,0.503486211,0.513433732,0.512689626,0.50019648
0.00595,0.506423478,0.498003333,0.52122727,0.509517392,0.494948582
0.00601,0.513433746,0.514961122,0.517350093,0.507755044,0.489896502
0.00608,0.516018542,0.51813337,0.509791551,0.503407906,0.490679778
0.00615,0.50708928,0.513825397,0.512493839,0.493303739,0.502898789
0.00621,0.508225028,0.511788903,0.50994822,0.487350899,0.500196517
0.00628,0.520718181,0.511867237,0.506580169,0.487194252,0.500274851
0.00634,0.508029225,0.518211726,0.504856984,0.488917452,0.50188056
0.0064,0.50755927,0.524321235,0.51613607,0.497925057,0.504661173
0.00648,0.517193492,0.524360407,0.522167252,0.511945587,0.502193884
0.00654,0.506697689,0.517859278,0.516057758,0.51742848,0.496436861
0.0066,0.503055494,0.51543115,0.505287812,0.507872601,0.51057488
0.00666,0.516762715,0.510418233,0.497415962,0.503016338,0.504974511
0.00674,0.520326599,0.505757789,0.503173,0.507285164,0.512023944
0.0068,0.516136115,0.501253997,0.498669208,0.496045256,0.494596208
0.00686,0.514804564,0.501293168,0.498081763,0.488408387,0.496554388
0.00693,0.507794311,0.495849453,0.506971878,0.497885953,0.50485705
0.007,0.496632731,0.496906875,0.518995071,0.48973996,0.507637665
0.00706,0.489504986,0.493538824,0.517898501,0.495653651,0.49823844
0.00713,0.491228186,0.490209936,0.521462384,0.501684832,0.48844758
0.0072,0.497651003,0.495653667,0.531879875,0.504347957,0.490327435
0.00726,0.505248723,0.505444541,0.529295093,0.506149483,0.491698163
0.00733,0.505601202,0.507911846,0.521579897,0.507089414,0.487703497
0.0074,0.490875746,0.49475293,0.504896268,0.517781049,0.485627841
0.00746,0.487233551,0.504622131,0.494752937,0.523146451,0.499452553
0.00754,0.500549138,0.531879913,0.508538486,0.511593237,0.50677613
0.0076,0.512298186,0.531997411,0.511945715,0.517663581,0.501332415
0.00766,0.510496674,0.52107081,0.516488684,0.511436597,0.504230519
0.00774,0.502742315,0.513042308,0.535952936,0.497337757,0.501332431
0.0078,0.500275024,0.51073167,0.535561309,0.494008869,0.49898263
0.00788,0.507206966,0.508538524,0.521188325,0.494008878,0.496202032
0.00794,0.514883013,0.513982253,0.511436628,0.49643702,0.498238539
0.00801,0.49612372,0.497729423,0.506854511,0.503408126,0.493734749
0.00808,0.506893681,0.488878486,0.521305838,0.50947847,0.497063651
0.00815,0.51762448,0.50701118,0.512102431,0.513512316,0.508146921
0.00821,0.505131341,0.512611563,0.503603966,0.526436268,0.505992937
0.00829,0.489818433,0.493538963,0.507050359,0.522519929,0.494713867
0.00835,0.491306652,0.497690297,0.515588002,0.513943137,0.500353413
0.00843,0.498943537,0.510888395,0.517232877,0.504583076,0.495849623
0.00849,0.511358364,0.504622247,0.517467865,0.485510474,0.497220351
0.00856,0.51472643,0.502859899,0.507481189,0.500549255,0.498630245
0.00863,0.499726829,0.495653828,0.50763785,0.508068648,0.504113137
0.0087,0.485432172,0.50517056,0.499726838,0.503760675,0.501763338
0.00876,0.486607083,0.524438993,0.496123806,0.509282731,0.510653452
0.00884,0.495105564,0.516606308,0.520679309,0.515353077,0.509126086
0.00891,0.490405956,0.503251574,0.516175518,0.506697959,0.502938266
0.00898,0.490758435,0.483669847,0.512572486,0.512063361,0.494518127
0.00905,0.496632963,0.490131828,0.51488314,0.509791889,0.500001022
0.00913,0.484218152,0.499570232,0.515039802,0.507207108,0.504504829
0.00919,0.494831459,0.511280116,0.514452357,0.502311682,0.490680132
0.00926,0.503525758,0.521580117,0.510653509,0.499061122,0.491228429
0.00934,0.503016641,0.502233372,0.518760356,0.49870866,0.507442113
0.0094,0.493460762,0.49581057,0.510066073,0.508107899,0.491815896
0.00948,0.49616305,0.504348215,0.506032244,0.509165321,0.493695751
0.00955,0.496985491,0.518329581,0.508107916,0.501293473,0.490327702
0.00963,0.502585876,0.516214763,0.517272176,0.514021608,0.488917825
0.00969,0.496241401,0.518838722,0.514569904,0.505953941,0.48833038
0.00976,0.48394408,0.516528086,0.507951287,0.492755861,0.492050918
0.00984,0.486176407,0.500471073,0.503251679,0.508186276,0.508029622
0.00991,0.493617474,0.500001119,0.514530766,0.512533429,0.506306438
0.00998,0.48163346,0.507128878,0.524047496,0.508421272,0.491659308
0.01005,0.488017114,0.500588587,0.512807589,0.502390107,0.507442194
0.01013,0.491737652,0.513081742,0.527728879,0.499883653,0.503408365
0.0102,0.508891259,0.497533854,0.516645626,0.502938412,0.498121306
0.01028,0.523890876,0.502155151,0.508107999,0.500431959,0.500118651
0.01035,0.521031952,0.505249074,0.511476065,0.499648698,0.499492044
0.01041,0.503447561,0.494792435,0.508538812,0.507912197,0.503917523
0.01049,0.496241492,0.497338069,0.51022285,0.524282535,0.501450233
0.01056,0.504465829,0.507128944,0.519896235,0.520953649,0.496946443
0.01064,0.500432,0.495536566,0.51398256,0.517468109,0.497964701
0.01071,0.503134288,0.500862807,0.518094733,0.510966981,0.504583336
0.01079,0.493265102,0.50125445,0.51684151,0.50712897,0.497063959
0.01086,0.500784497,0.508068902,0.507755594,0.495889063,0.500588679
0.01094,0.507363968,0.50015789,0.53031376,0.494165879,0.494557514
0.01101,0.502625197,0.510967015,0.501685273,0.503290976,0.4997271
0.01109,0.502076917,0.503760946,0.50990961,0.503056003,0.507442312
0.01116,0.509126349,0.488604692,0.517233187,0.5142176,0.506580724
0.01124,0.514726734,0.486607364,0.5204446,0.513434339,0.499257164
0.01131,0.52181533,0.502468577,0.518603926,0.500236259,0.501372
0.01139,0.505053374,0.504035124,0.503525999,0.498434748,0.514256789
0.01146,0.503721825,0.499218026,0.506228287,0.490641226,0.50705072
0.01154,0.487860629,0.508695594,0.502938564,0.481829455,0.504309285
0.01161,0.494910062,0.500392947,0.521149585,0.489897138,0.491385349
0.01169,0.508773938,0.511632871,0.534621827,0.47955799,0.494048474
0.01176,0.517350746,0.498356464,0.518329833,0.483435182,0.4770907
0.01184,0.510144676,0.505131752,0.510457984,0.491072067,0.479323027
0.01191,0.514296012,0.488173979,0.498199827,0.499688039,0.491307057
0.012,0.510183858,0.485863344,0.510379676,0.508773973,0.512102868
0.01208,0.507873222,0.48684244,0.518212378,0.509400597,0.509126453
0.01215,0.511280452,0.509322279,0.507168288,0.505249278,0.49894396
0.01223,0.502155373,0.49252116,0.506541681,0.503408604,0.493186938
0.0123,0.503016978,0.502155381,0.520797192,0.509988075,0.491542081
0.01238,0.500040562,0.509792266,0.517977431,0.51096717,0.501489611
0.01246,0.504936006,0.512416228,0.524361086,0.509322314,0.505170987
0.01254,0.516724218,0.50454438,0.515627641,0.51425692,0.484805992
0.01261,0.508617389,0.486020068,0.513551986,0.502390397,0.475602585
0.01269,0.494792693,0.484923499,0.515784312,0.499296492,0.477874075
0.01278,0.500353916,0.510732235,0.497377492,0.487508298,0.49283453
0.01285,0.500706395,0.498748222,0.489662297,0.493539481,0.491894615
0.01293,0.493461162,0.494596903,0.492325422,0.495615153,0.493304508
0.013,0.492364594,0.492090449,0.504348615,0.493265353,0.481947111
0.01309,0.492482094,0.506032654,0.507834174,0.503447865,0.492952056
0.01316,0.503996162,0.510262317,0.500628104,0.512181327,0.494401112
0.01324,0.502899594,0.489466524,0.502116324,0.516763461,0.484884398
0.01333,0.489975659,0.49596767,0.500275651,0.495811016,0.489858169
0.0134,0.49068061,0.502664631,0.497103419,0.493539543,0.483239551
0.01348,0.488800772,0.510066535,0.514609498,0.491463888,0.483239559
0.01356,0.487077589,0.498787466,0.515275286,0.492991273,0.491698878
0.01364,0.505131957,0.493343753,0.515001151,0.502194697,0.502586331
0.01373,0.498317523,0.490014868,0.51962245,0.502547178,0.492795474
0.0138,0.504192052,0.498239205,0.51727265,0.502312205,0.495576089
0.01389,0.520014103,0.511163159,0.519622468,0.49491032,0.504583696
0.01396,0.510144917,0.50983161,0.516959361,0.47595521,0.511946437
0.01404,0.499257482,0.514687888,0.521384841,0.484806162,0.494479539
0.01413,0.501959771,0.519739986,0.533055565,0.497025174,0.487860922
0.0142,0.518408436,0.515275359,0.511711483,0.48942747,0.493108836
0.01429,0.519857494,0.501450664,0.50513203,0.494244586,0.495497817
0.01438,0.506620252,0.493383,0.499962463,0.497103529,0.50513204
0.01445,0.519074244,0.488291757,0.511868165,0.491229018,0.473057168
0.01454,0.495184538,0.491346518,0.516371974,0.502703924,0.487469335
0.01461,0.493578844,0.510967424,0.530196687,0.506032827,0.495811162
0.0147,0.487038555,0.513787204,0.513356406,0.50877428,0.499649192
0.01478,0.49275643,0.515432078,0.515157934,0.504309653,0.504309653
0.01486,0.510536654,0.511594068,0.511907376,0.503643884,0.502077345
0.01495,0.506111192,0.504074692,0.502234009,0.498513479,0.502077355
0.01503,0.507246941,0.497260257,0.493853035,0.496046189,0.501254931
0.01511,0.513591433,0.484727957,0.490798295,0.49334392,0.487312746
0.01519,0.487234428,0.501881565,0.49189488,0.490015034,0.498709324
0.01528,0.484258014,0.508108566,0.500745834,0.500667507,0.490524169
0.01536,0.501803258,0.506816182,0.516567885,0.515784616,0.485942053
0.01545,0.514688049,0.507991096,0.523029867,0.510810865,0.485158794
0.01553,0.508186921,0.508343575,0.513630643,0.503722286,0.484884658
0.01561,0.513082365,0.51178997,0.517821145,0.507207845,0.487351966
0.0157,0.516959558,0.503957287,0.504427248,0.502899873,0.48762612
0.01579,0.512769077,0.495263007,0.508421932,0.491033352,0.484218909
0.01586,0.488840206,0.505915479,0.518212808,0.502978218,0.488174427
0.01595,0.485198014,0.504975565,0.51022347,0.485393831,0.480067599
0.01604,0.499453526,0.501725007,0.515549712,0.495263035,0.48132084
0.01613,0.508108663,0.493539852,0.515784702,0.512847442,0.476072945
0.01621,0.509126923,0.497338719,0.512729962,0.506463807,0.480067629
0.01629,0.503291574,0.504623132,0.511241758,0.510536816,0.485589687
0.01638,0.494401477,0.498435314,0.514609827,0.504740633,0.491973342
0.01646,0.496986276,0.498396161,0.514296529,0.499531901,0.494049016
0.01655,0.513082471,0.485668043,0.520797675,0.49534142,0.49060264
0.01664,0.5193878,0.488135352,0.52526232,0.488331169,0.498357017
0.01673,0.490171862,0.512181731,0.507168807,0.50019771,0.488292016
0.01681,0.498200383,0.499414451,0.51092851,0.51476653,0.48754792
0.0169,0.498866172,0.503174154,0.490406863,0.505484798,0.476503832
0.01699,0.485354785,0.498239566,0.491033488,0.496320556,0.476582168
0.01708,0.484140728,0.511515992,0.506738049,0.50211676,0.485354795
0.01716,0.502625895,0.512064291,0.524674927,0.508343761,0.473879909
0.01725,0.51566734,0.522207639,0.518134638,0.50720803,0.483396642
0.01734,0.508539598,0.516998907,0.501999299,0.489623643,0.48766547
0.01743,0.508892079,0.517899677,0.506111473,0.490485249,0.48280921
0.01751,0.498200463,0.503448367,0.506659772,0.499179549,0.458175398
0.0176,0.506933926,0.504505791,0.51014533,0.491973481,0.471530151
0.01769,0.490955241,0.504740782,0.496712271,0.488057144,0.491268549
0.01778,0.48598149,0.493618367,0.501059426,0.487195558,0.473096709
0.01786,0.500628637,0.48676477,0.497534723,0.493931684,0.484101654
0.01795,0.516607342,0.498435493,0.501529407,0.486177327,0.482456798
0.01804,0.528591374,0.500354513,0.512886823,0.501960215,0.478853769
0.01813,0.496438176,0.509832082,0.508696342,0.50912714,0.475916519
0.01823,0.495733245,0.503879246,0.508148064,0.50595491,0.499571265
0.01831,0.488096379,0.49929713,0.498748842,0.508343892,0.501607775
0.0184,0.496399044,0.503565958,0.503409305,0.499688775,0.482926811
0.01849,0.490132899,0.505876613,0.502861026,0.492952668,0.499688785
0.01858,0.497848112,0.500746209,0.508304758,0.504701719,0.504662555
0.01868,0.494205921,0.502234432,0.510262943,0.522207801,0.481673611
0.01876,0.484610881,0.505093375,0.509518847,0.519740512,0.48539415
0.01885,0.506699087,0.506894904,0.509910491,0.506855741,0.490407084
0.01894,0.514962589,0.505524193,0.502743587,0.514061829,0.488801392
0.01904,0.510497965,0.500432953,0.502391127,0.504819262,0.481516998
0.01913,0.503605204,0.490563769,0.508265657,0.515432572,0.476739065
0.01921,0.510537148,0.498748944,0.522912804,0.51304361,0.474193449
0.01931,0.507639063,0.49812234,0.503605226,0.506464159,0.484532616
0.0194,0.515080132,0.491856195,0.505720063,0.515040968,0.49416684
0.01949,0.501568745,0.504858476,0.501372928,0.4992581,0.491542897
0.01959,0.51809574,0.493971044,0.504780161,0.499884727,0.48128208
0.01968,0.493657746,0.506385873,0.516607538,0.512965336,0.476190839
0.01978,0.4837494,0.501607941,0.510380558,0.515236828,0.480420505
0.01986,0.512299578,0.496203392,0.495341796,0.511555472,0.487352449
0.01995,0.505798452,0.502117086,0.507756626,0.507991606,0.476465014
0.02005,0.509949791,0.486725854,0.516059292,0.506346752,0.484963498
0.02014,0.499062357,0.50011977,0.514845235,0.498122434,0.490446394
0.02024,0.508148293,0.503292023,0.496908377,0.495146021,0.475955922
0.02033,0.497848311,0.512221303,0.498788234,0.505837658,0.475916768
0.02043,0.498709918,0.525027769,0.50199965,0.502743755,0.474389404
0.02051,0.494519437,0.50991068,0.502939583,0.507521709,0.484023628
0.02061,0.516842625,0.496164314,0.52412703,0.505837691,0.474076118
0.02071,0.510419828,0.505054433,0.505994356,0.492874594,0.468005792
0.0208,0.509519078,0.511790559,0.496320989,0.478697429,0.476778419
0.0209,0.499336588,0.506620993,0.509910724,0.493305414,0.465851822
0.02099,0.485786038,0.512299706,0.501216444,0.490916452,0.470786429
0.02109,0.5055636,0.488879963,0.493109617,0.496242695,0.492757146
0.02119,0.505289467,0.498044226,0.501999736,0.494832821,0.484258685
0.02128,0.505250314,0.511712286,0.512260575,0.490211542,0.46929825
0.02138,0.490407371,0.503918767,0.518487578,0.503135498,0.46600853
0.02148,0.494715364,0.503997106,0.516176944,0.496438556,0.450460644
0.02156,0.500511567,0.51206479,0.509597492,0.511868973,0.45210552
0.02166,0.488018432,0.514962898,0.505916137,0.51441461,0.466830996
0.02176,0.495302848,0.527181912,0.503527177,0.518291804,0.483867116
0.02186,0.500550764,0.508500948,0.500041639,0.51280893,0.47509451
0.02196,0.503057238,0.508344306,0.509558373,0.499454199,0.478658397
0.02205,0.515315413,0.503370555,0.510615797,0.501608199,0.475172858
0.02215,0.505132923,0.50814851,0.510498318,0.491073238,0.478854236
0.02225,0.48735272,0.509950041,0.509480079,0.48645196,0.468515091
0.02235,0.477052739,0.503683897,0.50055082,0.498866791,0.476817758
0.02245,0.500472504,0.494010532,0.504232197,0.492483157,0.47513374
0.02255,0.519740942,0.506386199,0.501177458,0.498279361,0.473332232
0.02264,0.500041727,0.500394199,0.503213968,0.507952748,0.463658865
0.02274,0.496086228,0.492874824,0.497887748,0.503057326,0.457118577
0.02284,0.487274459,0.500590039,0.503488135,0.494128066,0.489271796
0.02294,0.509480157,0.494363058,0.513200687,0.498436059,0.480499191
0.02304,0.511046707,0.481204144,0.509793476,0.496517061,0.466870315
0.02314,0.497574486,0.493932283,0.507835314,0.49784863,0.470355875
0.02324,0.493893131,0.497926968,0.489780967,0.506151296,0.468750184
0.02334,0.506386289,0.50301823,0.498749412,0.511869174,0.4719616
0.02344,0.524323168,0.501569193,0.501060068,0.496752087,0.475016362
0.02354,0.517508736,0.522051699,0.489350203,0.4963213,0.487783664
0.02364,0.517038786,0.502979101,0.485747175,0.491817512,0.465382171
0.02374,0.497770371,0.499532727,0.495263909,0.50047265,0.458411085
0.02384,0.499846046,0.500511825,0.492757458,0.503449085,0.474233138
0.02395,0.508501185,0.490329336,0.493736558,0.500629328,0.471256727
0.02405,0.500785994,0.490838473,0.497261281,0.498945311,0.475212249
0.02415,0.50513315,0.499571937,0.499101976,0.498005399,0.473880702
0.02425,0.480421013,0.502313392,0.523970789,0.495577275,0.484376523
0.02435,0.48782292,0.516412251,0.504036595,0.515863963,0.47247084
0.02445,0.482340045,0.506268925,0.505211511,0.50599478,0.475133967
0.02456,0.502195937,0.507952966,0.503762475,0.50403662,0.468789498
0.02466,0.48923284,0.501412679,0.510106969,0.505681497,0.475133991
0.02476,0.493462506,0.497065545,0.510733595,0.509793672,0.470512713
0.02486,0.492444267,0.49722221,0.509676193,0.50975452,0.456531367
0.02498,0.489976981,0.504114993,0.509441225,0.497613858,0.461074342
0.02508,0.478071298,0.4862173,0.505603216,0.495694859,0.456609718
0.02518,0.505524901,0.48586484,0.503723381,0.507561401,0.462445086
0.02529,0.507796395,0.503253433,0.51699981,0.493815037,0.476818091
0.02539,0.510851157,0.51269184,0.50783557,0.498475501,0.459977811
0.02549,0.503840907,0.490760309,0.515002496,0.499493762,0.462366794
0.0256,0.491230283,0.488175533,0.519976269,0.495616592,0.457040575
0.0257,0.498201392,0.486139044,0.509128,0.504898345,0.458802943
0.0258,0.503801779,0.498828019,0.507678963,0.501060336,0.465734888
0.02591,0.518997218,0.511321178,0.509754639,0.490760357,0.458685476
0.02601,0.51335769,0.511712824,0.500120437,0.488919685,0.454455833
0.02613,0.48938966,0.501608662,0.499689652,0.498632238,0.458802991
0.02623,0.488802219,0.494050124,0.504663424,0.487744805,0.44646651
0.02634,0.493541012,0.503880167,0.497496522,0.49307105,0.47172696
0.02644,0.49170034,0.495812504,0.503841015,0.507052419,0.470317086
0.02655,0.491661189,0.500551296,0.510929616,0.49279693,0.463032694
0.02665,0.499611385,0.498710625,0.496634961,0.49538173,0.463580994
0.02676,0.506034206,0.498867291,0.49354106,0.487392395,0.451322841
0.02688,0.511791249,0.509872239,0.503057795,0.499141449,0.458528932
0.02698,0.492052872,0.50207872,0.511203808,0.498906479,0.443451008
0.02709,0.495068472,0.504428541,0.509245647,0.501217136,0.43926053
0.0272,0.49173959,0.50235289,0.507561631,0.505877602,0.455121747
0.0273,0.510028941,0.495185986,0.500786362,0.501608795,0.478933147
0.02741,0.503958616,0.485277642,0.505681809,0.494050259,0.484024411
0.02753,0.51006813,0.490917194,0.507013379,0.49753582,0.469612267
0.02763,0.514376123,0.486883368,0.510381449,0.516921748,0.45743244
0.02774,0.505760173,0.500864739,0.495930142,0.51273127,0.468202406
0.02785,0.489468183,0.49056476,0.509676532,0.510929763,0.459312312
0.02796,0.49651762,0.494050321,0.491113061,0.496282639,0.452772025
0.02806,0.487157562,0.501217247,0.505564392,0.487862504,0.463698644
0.02818,0.49546023,0.486452632,0.508501665,0.494872778,0.449834789
0.02829,0.491504733,0.493972031,0.519193305,0.498240849,0.458215784
0.0284,0.499219949,0.496008544,0.514297884,0.491465582,0.448229113
0.02851,0.502823,0.487510084,0.500982317,0.486021873,0.444469433
0.02863,0.500434042,0.496713512,0.51633441,0.477680067,0.452576283
0.02874,0.510146595,0.499964093,0.510029104,0.485865244,0.438242467
0.02884,0.504742047,0.497379315,0.509754971,0.487745102,0.438516622
0.02895,0.504154608,0.496517732,0.495695299,0.506230272,0.442119674
0.02906,0.502157284,0.501139034,0.487275166,0.497810139,0.452967968
0.02918,0.499689998,0.498867565,0.490369093,0.486217765,0.460174059
0.02929,0.478071776,0.511204071,0.497379366,0.498710924,0.456492705
0.0294,0.498789264,0.501648197,0.511204083,0.497457706,0.442119725
0.02951,0.503332239,0.503058095,0.509950865,0.498906767,0.462249761
0.02963,0.516099542,0.499494232,0.508227685,0.507914378,0.466518592
0.02975,0.499455083,0.47830681,0.504272189,0.506856978,0.458059297
0.02986,0.509363453,0.478111005,0.509950905,0.498201864,0.436676056
0.02998,0.51167411,0.480813297,0.511125822,0.502823166,0.442041464
0.03009,0.487353609,0.486413686,0.502196564,0.485708744,0.452850594
0.0302,0.497261979,0.503606461,0.492797344,0.499611788,0.433503853
0.03031,0.500669214,0.501178339,0.502000772,0.503254003,0.447798532
0.03043,0.499885957,0.497379495,0.504663901,0.497927784,0.448151016
0.03055,0.508541098,0.503841482,0.485277998,0.489390162,0.456375358
0.03066,0.500238456,0.509911832,0.488646069,0.501609177,0.453046476
0.03078,0.497457862,0.494598929,0.499768507,0.49867193,0.462837356
0.03089,0.509402733,0.498358635,0.501374222,0.498593615,0.457863608
0.03101,0.484103146,0.49871112,0.50356739,0.511125939,0.448386063
0.03113,0.489899352,0.496322161,0.502823297,0.497810373,0.457941962
0.03124,0.478189488,0.505055627,0.492719135,0.507836234,0.440200924
0.03135,0.487353753,0.504898986,0.492210023,0.498006216,0.454495603
0.03148,0.4795994,0.494324864,0.486178863,0.49506897,0.454260636
0.03159,0.507522966,0.513240832,0.488685337,0.483124125,0.443608185
0.03171,0.494481545,0.500042757,0.492523371,0.478463686,0.452184999
0.03183,0.482615027,0.494403231,0.50094353,0.475408949,0.438986923
0.03194,0.493071686,0.496870542,0.499886129,0.475017327,0.446976283
0.03206,0.492523411,0.50673975,0.514729098,0.491544324,0.434639805
0.03218,0.503802503,0.512065995,0.504311628,0.489625327,0.437185443
0.0323,0.496753093,0.506935594,0.511165249,0.482732571,0.432172533
0.03241,0.507248915,0.512026858,0.496009,0.476779737,0.437577105
0.03254,0.498476312,0.514298353,0.493228408,0.481009405,0.433347464
0.03266,0.52064285,0.495186595,0.504820808,0.506544001,0.432368392
0.03278,0.491975204,0.498789647,0.510264543,0.496087368,0.422851682
0.0329,0.492758487,0.502157719,0.502510191,0.492719324,0.428491236
0.03301,0.488137211,0.508541378,0.505016665,0.480382844,0.430841056
0.03314,0.498515544,0.490173725,0.503254324,0.480578675,0.439613688
0.03326,0.517470677,0.481557776,0.502196924,0.486492373,0.440475298
0.03338,0.501805302,0.491035348,0.511126208,0.479207981,0.439966186
0.0335,0.495304181,0.499729653,0.501100374,0.494560075,0.447720567
0.03363,0.490291271,0.499690503,0.495265031,0.497262368,0.449443773
0.03374,0.501922834,0.515943355,0.501217891,0.491975313,0.430449504
0.03386,0.504155166,0.505055925,0.496400799,0.509794705,0.438752174
0.03399,0.501962026,0.498476477,0.492915264,0.50043465,0.440279563
0.03411,0.484612623,0.494912615,0.495930866,0.482145325,0.439339654
0.03424,0.488803129,0.49221035,0.497536582,0.482027849,0.437616475
0.03435,0.498006556,0.487236603,0.498124047,0.486609987,0.428295583
0.03448,0.481871222,0.483633578,0.488372357,0.490839656,0.431428674
0.0346,0.483594428,0.501727114,0.487941573,0.491231305,0.436245795
0.03473,0.487275809,0.486414212,0.514298602,0.490134742,0.432799424
0.03485,0.499533988,0.496009276,0.508933221,0.497145017,0.427590697
0.03498,0.519272391,0.501844647,0.50842411,0.491505492,0.454965976
0.0351,0.503097892,0.50047394,0.504742758,0.50035645,0.455592605
0.03523,0.504899426,0.505996003,0.497458367,0.487119212,0.447054983
0.03535,0.502392978,0.503332902,0.493620361,0.502588796,0.441062987
0.03548,0.500983108,0.49017399,0.499142425,0.501296415,0.44466604
0.0356,0.508972469,0.495578563,0.49835917,0.487432562,0.432603706
0.03573,0.493111279,0.510147388,0.491818884,0.495735231,0.434718548
0.03585,0.510891508,0.498437525,0.495304447,0.491231447,0.420345569
0.03598,0.502980501,0.49291549,0.491544769,0.477093449,0.426885882
0.0361,0.486962657,0.488764177,0.498985842,0.488098398,0.438634937
0.03623,0.478738343,0.489899931,0.498672548,0.495813615,0.449600722
0.03636,0.490918197,0.505800315,0.496087775,0.492523899,0.431350562
0.03649,0.507758503,0.498555088,0.499964972,0.487197682,0.429392403
0.03661,0.493659668,0.499025063,0.492249783,0.484847888,0.423087098
0.03674,0.50356804,0.495108731,0.503842184,0.486688585,0.429509921
0.03686,0.481871493,0.495774524,0.504272997,0.475801155,0.434405369
0.037,0.494677962,0.488450971,0.504194685,0.476231969,0.421403113
0.03713,0.483477225,0.49166239,0.500121699,0.485474562,0.422617195
0.03725,0.493111452,0.499064299,0.485552903,0.499886732,0.435462827
0.03739,0.503685604,0.506309556,0.483673072,0.498281045,0.415802781
0.03751,0.491662434,0.506857859,0.502628205,0.486453692,0.420894046
0.03764,0.496557881,0.499455978,0.498751035,0.481558273,0.438360967
0.03778,0.496322916,0.500944205,0.50235409,0.488098588,0.423322211
0.0379,0.504194787,0.493738141,0.496988709,0.493855632,0.414236301
0.03804,0.505213053,0.503529024,0.507249553,0.489508502,0.415372057
0.03816,0.506152991,0.495343873,0.506231318,0.488607757,0.410633291
0.0383,0.491035907,0.500043505,0.51218418,0.488568609,0.407696047
0.03843,0.512223358,0.490213489,0.504194847,0.501845039,0.424888824
0.03856,0.509716912,0.500396006,0.501884218,0.492132514,0.415137136
0.03869,0.51688384,0.499025299,0.505408944,0.494169029,0.420737526
0.03883,0.493464102,0.489312774,0.500317709,0.489508592,0.426807879
0.03895,0.492524193,0.504664868,0.502785022,0.486806327,0.439222713
0.03909,0.496597209,0.500513556,0.503098345,0.497458806,0.430254294
0.03923,0.490879359,0.497497985,0.494482398,0.492837532,0.426220472
0.03935,0.483751621,0.49581397,0.488882036,0.49005694,0.435737209
0.03949,0.492837562,0.513202565,0.507328045,0.485983955,0.425789704
0.03963,0.496166472,0.486493095,0.503999166,0.489743663,0.427395422
0.03975,0.514416663,0.485279042,0.492720101,0.477603002,0.412356664
0.03989,0.508542158,0.499377906,0.492524299,0.487237231,0.436990501
0.04003,0.506897308,0.488725459,0.485905689,0.484456641,0.425515621
0.04016,0.489391253,0.487276426,0.481911031,0.476506472,0.397631247
0.0403,0.496675674,0.506819012,0.5032943,0.477681392,0.393127464
0.04043,0.490762004,0.47783806,0.501140323,0.497498121,0.404093249
0.04056,0.503607638,0.501571137,0.508424744,0.496479886,0.418348767
0.0407,0.512693578,0.502589403,0.511087876,0.489352151,0.416860571
0.04084,0.492602734,0.499652158,0.505056717,0.490017945,0.415764009
0.04098,0.502354453,0.505996656,0.489195528,0.497106549,0.417526381
0.04111,0.493151054,0.503960171,0.488412274,0.481676158,0.418544647
0.04125,0.511087938,0.505996687,0.492916089,0.495579205,0.396926428
0.04139,0.516492512,0.510265521,0.498359826,0.490018008,0.412944302
0.04153,0.506740824,0.497263265,0.490683802,0.482224493,0.398649652
0.04166,0.483281922,0.506153388,0.503999397,0.472590295,0.400098716
0.0418,0.487315775,0.507524125,0.514221078,0.466167502,0.403936751
0.04194,0.491584609,0.502080418,0.490527195,0.472198692,0.416469077
0.04208,0.495970933,0.489156489,0.510226435,0.476937487,0.392775194
0.04221,0.512106297,0.512772076,0.500200603,0.487472476,0.394615892
0.04236,0.494012792,0.499808985,0.500043966,0.487198349,0.400842901
0.0425,0.491193038,0.490331442,0.500043982,0.471219669,0.41917142
0.04264,0.500278978,0.500122324,0.498046661,0.476741734,0.406756616
0.04278,0.513124611,0.517824228,0.509051611,0.480893077,0.407069939
0.04291,0.501728058,0.505918549,0.494561143,0.477446707,0.424576025
0.04306,0.493738727,0.492054698,0.500631498,0.476585128,0.418819012
0.0432,0.50544862,0.487746732,0.503607937,0.475958528,0.424458567
0.04334,0.509090838,0.498869173,0.489900739,0.476545996,0.410555552
0.04349,0.485475284,0.503529643,0.500709873,0.505096181,0.414589406
0.04363,0.494130426,0.497615975,0.50999163,0.491819781,0.39583012
0.04378,0.495736145,0.49804679,0.496597741,0.492093942,0.400255609
0.04391,0.501610681,0.492211449,0.495266199,0.505057066,0.41329706
0.04405,0.514847949,0.495931994,0.479757481,0.47736851,0.40577769
0.0442,0.512224013,0.489783346,0.489117567,0.488530115,0.405738543
0.04434,0.522876492,0.491036593,0.505252932,0.479875004,0.407148444
0.04449,0.500553333,0.484770455,0.492681475,0.475880347,0.407070134
0.04463,0.50893433,0.484222182,0.482107355,0.471180747,0.39285381
0.04478,0.521701638,0.499456788,0.492798998,0.475292928,0.398806674
0.04493,0.493699775,0.490410044,0.499535132,0.471141617,0.406482731
0.04506,0.496793705,0.485514626,0.492524887,0.478817673,0.405072862
0.04521,0.507681166,0.490057605,0.495775472,0.495462164,0.395869464
0.04535,0.489313515,0.49162416,0.486376255,0.498125295,0.392109787
0.0455,0.496754591,0.501532534,0.491976648,0.492994898,0.393441362
0.04565,0.482969067,0.5029816,0.490723434,0.49542305,0.405268746
0.0458,0.492877442,0.490605961,0.492916605,0.4835957,0.400804128
0.04594,0.500122699,0.496480496,0.498869468,0.479405224,0.391874873
0.04609,0.490645157,0.493151619,0.503647428,0.474431481,0.400490853
0.04624,0.500396877,0.517119678,0.500161896,0.47897446,0.393323955
0.04639,0.515748974,0.501806779,0.48477067,0.468008706,0.397553627
0.04654,0.517707164,0.490997679,0.495971439,0.491076006,0.395517143
0.04668,0.502159283,0.500475254,0.484144088,0.500122783,0.383102339
0.04683,0.498673751,0.498712915,0.489587827,0.484379085,0.38224076
0.04698,0.512028511,0.494835749,0.484026631,0.48265591,0.396417953
0.04713,0.497851353,0.48743387,0.480854407,0.474979887,0.393441546
0.04728,0.488961262,0.488295483,0.480345299,0.488491301,0.402175017
0.04743,0.482185999,0.493386751,0.500005377,0.480815278,0.382984934
0.04758,0.483400084,0.492407682,0.494639999,0.470985264,0.390465174
0.04773,0.49467918,0.498164728,0.477760561,0.47627235,0.398219557
0.04788,0.496284899,0.493778437,0.482421031,0.4791313,0.390543535
0.04803,0.484535876,0.497851455,0.482499375,0.462526006,0.404603237
0.04819,0.484457567,0.501023714,0.482538557,0.466129064,0.391013532
0.04834,0.516219157,0.505253386,0.485005873,0.466873187,0.387958798
0.04849,0.503373556,0.511441231,0.494287632,0.473100195,0.398767932
0.04864,0.491585369,0.504000189,0.499731371,0.484457618,0.390700275
0.04879,0.486729116,0.501297927,0.497890705,0.477878172,0.406169862
0.04895,0.50564509,0.492760309,0.487864875,0.49706829,0.39160107
0.0491,0.518725705,0.492094547,0.48625919,0.478191516,0.388977135
0.04925,0.504705201,0.478544004,0.495423459,0.473452753,0.38748894
0.04941,0.489313976,0.478113224,0.497655795,0.473374445,0.383768429
0.04956,0.512028805,0.485045175,0.495345167,0.492721215,0.374173396
0.04971,0.500005637,0.498674079,0.492368761,0.487316673,0.36735897
0.04988,0.501924665,0.504861926,0.476664228,0.492407943,0.36015291
0.05003,0.50607601,0.494914422,0.481363862,0.49456195,0.37836394
0.05019,0.50744675,0.50744675,0.494287825,0.481324717,0.375622516
0.05034,0.496872631,0.498439169,0.489118264,0.477643368,0.376797437
0.0505,0.493817898,0.486102695,0.480776463,0.480658973,0.370962098
0.05065,0.482930471,0.498595859,0.490019059,0.474471162,0.378951463
0.05081,0.500789031,0.505801955,0.494092078,0.463074611,0.3746435
0.05096,0.476351044,0.498948365,0.497499317,0.459471589,0.377149979
0.05113,0.488335084,0.500201615,0.498517586,0.469967417,0.380870527
0.05128,0.485946129,0.494522929,0.505645354,0.470554886,0.393598671
0.05144,0.473061367,0.496441957,0.499261727,0.477526002,0.386392611
0.0516,0.495737033,0.491546542,0.496246158,0.487395214,0.379304042
0.05176,0.490606637,0.481677367,0.488413483,0.478426799,0.376092656
0.05191,0.498243531,0.495267107,0.485397913,0.473688036,0.375622711
0.05208,0.504823012,0.499770924,0.499575107,0.47623368,0.373390412
0.05224,0.503099838,0.507290329,0.49115498,0.484771334,0.380283201
0.0524,0.494718874,0.502512404,0.50505803,0.470437524,0.371941401
0.05256,0.513556521,0.492486575,0.510854241,0.478309399,0.372528871
0.05271,0.490880889,0.488296101,0.486063783,0.472356569,0.358195059
0.05288,0.4885311,0.488883571,0.479327685,0.471573318,0.365009521
0.05304,0.509561901,0.48719956,0.49013682,0.471025048,0.371863146
0.0532,0.499575235,0.484183992,0.486572963,0.465346363,0.37158902
0.05336,0.505763081,0.486612145,0.486925453,0.465228891,0.370100827
0.05353,0.508191235,0.481325095,0.495619761,0.472552478,0.365166248
0.05369,0.503883272,0.483714085,0.49957529,0.480737662,0.364852959
0.05385,0.49507151,0.491899269,0.490293567,0.470829323,0.364343852
0.05401,0.481325151,0.494797384,0.484497392,0.469615274,0.368886833
0.05419,0.491390182,0.490371932,0.479014526,0.469145332,0.382829048
0.05435,0.493779172,0.495032403,0.483009218,0.476312265,0.385218038
0.05451,0.490881094,0.4916252,0.495110748,0.475842322,0.359213513
0.05468,0.514418357,0.49706894,0.495306584,0.470555272,0.35682456
0.05484,0.486651476,0.482343495,0.485124101,0.477330571,0.353965645
0.05501,0.498008902,0.49652069,0.490724497,0.476351504,0.358626118
0.05518,0.497930593,0.489902082,0.497225651,0.477173955,0.362033358
0.05534,0.497225669,0.489706283,0.498831371,0.48492834,0.358704482
0.05551,0.483518475,0.496011622,0.489001361,0.47533331,0.354044049
0.05568,0.50764319,0.490019629,0.496599092,0.462879346,0.364304896
0.05584,0.511128757,0.487826494,0.477761482,0.46068621,0.353769942
0.05601,0.514222691,0.481951993,0.485202561,0.45402844,0.36211178
0.05618,0.49491512,0.499223101,0.48633832,0.477565703,0.370923579
0.05635,0.493035293,0.515515124,0.489706398,0.477487396,0.366889762
0.05651,0.516063431,0.497969909,0.495032648,0.477839886,0.352516787
0.05669,0.492526206,0.488218225,0.485594272,0.477839906,0.353182586
0.05685,0.5026304,0.491899609,0.483675281,0.472866164,0.346211507
0.05703,0.502708746,0.502512929,0.499458179,0.477487473,0.350480345
0.05719,0.505489371,0.506860092,0.476351751,0.463936931,0.366772366
0.05736,0.515436912,0.502160496,0.485594349,0.472122116,0.362033606
0.05754,0.497774208,0.502238843,0.496285996,0.47251377,0.337125661
0.0577,0.483518724,0.496207687,0.50278715,0.463780335,0.349971297
0.05788,0.491703908,0.475216088,0.482108859,0.456926748,0.352321125
0.05805,0.486965148,0.482970475,0.474824473,0.482030551,0.358548136
0.05823,0.496481891,0.489275813,0.477330955,0.471182291,0.35396603
0.0584,0.503844643,0.501494835,0.483988765,0.466286877,0.330624623
0.05856,0.48304886,0.498009305,0.474628714,0.464837847,0.363365301
0.05874,0.470281589,0.497226055,0.48304888,0.477331013,0.349266472
0.05891,0.492526459,0.507526067,0.476782745,0.473101379,0.338457375
0.05909,0.487474391,0.489745872,0.481717361,0.474041322,0.341394654
0.05926,0.495346268,0.477017765,0.483518901,0.471104081,0.355297706
0.05944,0.486965306,0.484693825,0.474432996,0.466952774,0.354945254
0.05961,0.50552881,0.49096,0.490803346,0.462683975,0.345154407
0.05979,0.483636451,0.49029424,0.490881693,0.474354709,0.350519822
0.05996,0.476587046,0.492839886,0.493270684,0.466482872,0.345898553
0.06014,0.489824319,0.481639154,0.487826982,0.468206084,0.345350284
0.06033,0.488884417,0.47039926,0.476547924,0.471300019,0.343862093
0.0605,0.507173776,0.495542226,0.483479878,0.470125135,0.34303968
0.06068,0.503805738,0.485242254,0.492683313,0.474393973,0.350519923
0.06085,0.481090946,0.486847976,0.487239611,0.467422896,0.339867479
0.06103,0.507095509,0.481795908,0.49084267,0.470203522,0.341434038
0.06121,0.51003279,0.481482622,0.477252967,0.471495937,0.345232916
0.06139,0.50697806,0.477331314,0.480581882,0.451326771,0.333483895
0.06156,0.514849937,0.483597489,0.47615643,0.464133245,0.341473262
0.06175,0.504510802,0.496560618,0.48054276,0.457083842,0.344332217
0.06193,0.482148482,0.491782695,0.48359753,0.466757239,0.35216493
0.06211,0.49475914,0.494171688,0.477018089,0.472240145,0.330076756
0.06229,0.494602506,0.491273611,0.479367917,0.466678953,0.335481334
0.06246,0.486417361,0.484968312,0.482931812,0.459120423,0.343627355
0.06265,0.498518894,0.491273652,0.478075563,0.456026531,0.341825857
0.06284,0.485829951,0.489511317,0.475686613,0.452031878,0.327766193
0.06301,0.491547838,0.486574077,0.482892711,0.464995006,0.324789789
0.0632,0.492526946,0.492252801,0.477370683,0.469890461,0.318171185
0.06338,0.476900742,0.484576781,0.483166896,0.464133451,0.32083432
0.06356,0.491939535,0.489707217,0.480895437,0.461352866,0.316056398
0.06375,0.49131294,0.491273777,0.475530063,0.454812588,0.322518392
0.06394,0.500320559,0.478114873,0.477096623,0.454420975,0.34292258
0.06411,0.480582191,0.489276481,0.473023642,0.459473082,0.343314235
0.0643,0.476665866,0.485595136,0.479133164,0.464094392,0.336538976
0.06449,0.486770062,0.49217462,0.495660169,0.450974652,0.320012014
0.06468,0.505451057,0.492683767,0.485595179,0.476665908,0.329293777
0.06486,0.500868953,0.500712299,0.484341969,0.46718837,0.33270102
0.06505,0.504981138,0.47823249,0.487866703,0.467932497,0.335129176
0.06524,0.506821843,0.490725657,0.479524905,0.468480807,0.328275591
0.06543,0.51230475,0.490020736,0.482697168,0.464407828,0.336029979
0.06561,0.512813896,0.490608209,0.478467534,0.461039791,0.32913723
0.0658,0.506939397,0.496208607,0.477449305,0.451483926,0.321539538
0.06599,0.509798351,0.495229541,0.484733732,0.449212466,0.328119022
0.06618,0.494211312,0.48684858,0.484146301,0.46053073,0.326004216
0.06636,0.500673306,0.479211725,0.469969147,0.451562317,0.327061651
0.06655,0.504902982,0.495777894,0.474942928,0.467776014,0.321422133
0.06674,0.502318214,0.493114799,0.475922036,0.46037414,0.311709614
0.06694,0.488336879,0.488963494,0.477371108,0.472671491,0.329842322
0.06713,0.495699632,0.493506478,0.47592208,0.467658589,0.323693679
0.06731,0.495308019,0.480347574,0.476509554,0.438051028,0.324046172
0.0675,0.492527434,0.472554065,0.457319476,0.446432031,0.313432893
0.0677,0.501691708,0.480543435,0.477762829,0.455322161,0.322244696
0.06789,0.484146495,0.493075766,0.486770448,0.456105452,0.326200228
0.06809,0.491195942,0.494603164,0.476822949,0.45673209,0.323497971
0.06828,0.476392173,0.48630053,0.485634751,0.44768535,0.317349328
0.06848,0.498167084,0.482501696,0.482580023,0.444082334,0.319816649
0.06866,0.507683828,0.481209323,0.482697535,0.46378158,0.306461928
0.06886,0.498519599,0.488219607,0.473650797,0.454774005,0.318445972
0.06905,0.494211639,0.479055376,0.468167932,0.461510143,0.313942194
0.06925,0.484616612,0.494015844,0.470831071,0.453011693,0.321265785
0.06944,0.504041713,0.484499143,0.486653133,0.465739841,0.324281394
0.06964,0.491391936,0.48872882,0.484929963,0.456575612,0.32533883
0.06984,0.499263815,0.4859874,0.482306034,0.459356241,0.317701976
0.07004,0.502592733,0.490452058,0.486692365,0.454734975,0.299177679
0.07023,0.5130494,0.484303415,0.488493906,0.459943737,0.293616487
0.07043,0.495230045,0.479838802,0.474473407,0.466914857,0.301997492
0.07063,0.504942608,0.481522854,0.465974957,0.452541887,0.317662902
0.07083,0.482932761,0.483990175,0.471418702,0.457006545,0.316448857
0.07103,0.491627074,0.500203874,0.480700466,0.458768924,0.309869417
0.07123,0.488494019,0.486340028,0.47506095,0.446079983,0.315195672
0.07143,0.491431302,0.492097081,0.475178463,0.457907373,0.316997214
0.07163,0.51915906,0.49691421,0.483520304,0.452581164,0.297767974
0.07183,0.496483435,0.504237802,0.486849222,0.449056475,0.298002977
0.07203,0.481875484,0.493154563,0.463586144,0.454656873,0.310222002
0.07223,0.489747364,0.481444708,0.468324947,0.455596819,0.324516691
0.07243,0.488964117,0.483402905,0.475491884,0.450074793,0.315156645
0.07263,0.487084293,0.484656158,0.4833246,0.454813595,0.311279484
0.07284,0.483128807,0.487475952,0.482541355,0.443064579,0.310927037
0.07304,0.487750119,0.480074079,0.482737195,0.439226582,0.304425924
0.07324,0.500478269,0.490961546,0.48332467,0.453756251,0.305640014
0.07344,0.521979036,0.48927754,0.482267279,0.452072245,0.306423306
0.07365,0.503454739,0.489160073,0.47173233,0.448900028,0.304347666
0.07385,0.492645645,0.489786712,0.475570373,0.447490166,0.297689899
0.07406,0.487084456,0.492371525,0.46769854,0.454696268,0.297219962
0.07426,0.489473451,0.483207296,0.473925554,0.454500473,0.293930253
0.07446,0.492724041,0.484108078,0.45747692,0.446002024,0.287977429
0.07468,0.497110374,0.478742707,0.475570466,0.455753751,0.290562242
0.07489,0.487672002,0.469500153,0.478155279,0.445845418,0.286685083
0.07509,0.489512708,0.489160237,0.470087627,0.45430475,0.293577876
0.0753,0.489982694,0.496797137,0.468090315,0.44940934,0.29255965
0.0755,0.485361427,0.48030934,0.478194512,0.444122295,0.285941046
0.07571,0.500282732,0.47925195,0.479839402,0.448626118,0.293852091
0.07593,0.49049189,0.479486955,0.487397976,0.437660371,0.294047932
0.07614,0.489865298,0.472868353,0.48841625,0.451132628,0.300157458
0.07634,0.464800701,0.482306771,0.481406012,0.450741016,0.285901978
0.07655,0.492567624,0.47196764,0.465427341,0.45062355,0.288330137
0.07676,0.492841793,0.476941425,0.474944088,0.455675661,0.290993277
0.07698,0.497345616,0.484499998,0.467503053,0.448038809,0.284609656
0.07719,0.475844896,0.494800014,0.476902309,0.441655188,0.288917661
0.0774,0.510034628,0.486262402,0.467542265,0.436485634,0.288134416
0.07761,0.499773823,0.485244176,0.453795911,0.443221775,0.285432161
0.07783,0.508507301,0.481327854,0.468403909,0.447921415,0.273878962
0.07804,0.492136995,0.488573119,0.482581109,0.442164409,0.283160728
0.07825,0.493938539,0.478429805,0.485087595,0.444866713,0.276228818
0.07846,0.507332469,0.489317274,0.490139706,0.433391841,0.279440247
0.07868,0.498168241,0.486105893,0.471145448,0.435036731,0.273957385
0.0789,0.493194507,0.485675121,0.477842427,0.446981614,0.284179076
0.07911,0.496327608,0.488259934,0.468051584,0.440167195,0.280184426
0.07933,0.489709006,0.494800257,0.479095706,0.438992315,0.275171527
0.07954,0.501928032,0.479761509,0.478234134,0.442791195,0.255354836
0.07976,0.503612087,0.484970276,0.472124658,0.439697307,0.268631277
0.07998,0.499343293,0.481680569,0.472398827,0.445062726,0.271059436
0.0802,0.499069174,0.484578691,0.478390863,0.443065415,0.259153767
0.08041,0.474082906,0.478116743,0.469579107,0.44341791,0.285941604
0.08064,0.479800798,0.482503077,0.483834635,0.442360522,0.285236687
0.08085,0.491824006,0.49096241,0.476197783,0.440559026,0.264088438
0.08108,0.492098176,0.485440387,0.459905805,0.436603542,0.282103659
0.08129,0.487359421,0.487476911,0.457046896,0.437974287,0.270667951
0.08151,0.491040812,0.477216108,0.47396554,0.443535525,0.260642128
0.08174,0.495857944,0.488612703,0.48191575,0.433901338,0.267456597
0.08195,0.490022612,0.475532129,0.46335229,0.441773219,0.26314864
0.08218,0.481210857,0.491550013,0.472751548,0.451955746,0.267652464
0.0824,0.476863738,0.488142816,0.466172111,0.437661106,0.273722827
0.08263,0.485244745,0.478430302,0.473887339,0.437152006,0.268827419
0.08285,0.486184694,0.486967963,0.468952768,0.442987389,0.266712618
0.08308,0.487007152,0.470206025,0.463117437,0.431042556,0.273527087
0.0833,0.500166103,0.469853579,0.472320877,0.434097332,0.260564004
0.08351,0.494644078,0.477490479,0.461159313,0.428105346,0.269493299
0.08375,0.469540322,0.47290838,0.469775303,0.431786739,0.267887624
0.08398,0.488103832,0.484265812,0.476198137,0.445024017,0.256921878
0.0842,0.496758984,0.483130097,0.469736191,0.436525569,0.263814674
0.08443,0.484422517,0.473535073,0.471302755,0.431356017,0.273292259
0.08465,0.50110618,0.4857541,0.471263617,0.435859842,0.27673867
0.08488,0.493038531,0.481015346,0.459632092,0.431160251,0.274114743
0.0851,0.482229439,0.480937045,0.479722977,0.429084613,0.277874461
0.08534,0.489983833,0.482190303,0.472046964,0.425873235,0.259193514
0.08556,0.506197534,0.482151165,0.466524941,0.430651204,0.252731567
0.08579,0.509878926,0.484226854,0.476198343,0.428105604,0.262052498
0.08603,0.490453872,0.485440949,0.470284686,0.434685094,0.246817936
0.08625,0.500871381,0.488064926,0.459749739,0.443144428,0.247836212
0.08649,0.501263042,0.480075606,0.459828093,0.431082107,0.257157144
0.08671,0.500518962,0.461472984,0.474514419,0.424071872,0.250029419
0.08695,0.492412151,0.493391238,0.462412934,0.431042996,0.244859868
0.08718,0.484501156,0.481407242,0.472791279,0.429633137,0.241726816
0.08741,0.495231973,0.490532357,0.466995112,0.417179181,0.246739767
0.08765,0.49816926,0.481133151,0.45661682,0.434920259,0.240316985
0.08788,0.504748748,0.474201243,0.461042318,0.431904697,0.27113866
0.08811,0.497033572,0.478274271,0.459945768,0.438680004,0.249089654
0.08835,0.488339309,0.467700161,0.468405104,0.4353903,0.249520479
0.08859,0.499422598,0.479997517,0.469775852,0.441852299,0.263188557
0.08883,0.503613116,0.477961044,0.473143937,0.438601758,0.254611784
0.08905,0.490180072,0.480663349,0.458966787,0.43076909,0.252496982
0.08929,0.510153467,0.476472885,0.460807497,0.426774443,0.251987884
0.08953,0.508547792,0.47995846,0.455755437,0.43139576,0.252418709
0.08976,0.48653795,0.475533015,0.463588157,0.42567792,0.24489935
0.09,0.490219343,0.471303388,0.456068799,0.421800764,0.245760974
0.09025,0.485989717,0.4812901,0.458261981,0.429985957,0.237615001
0.09049,0.478000396,0.489044494,0.467896221,0.421879146,0.248463308
0.09073,0.484658213,0.48293502,0.467191306,0.425090577,0.238515814
0.09096,0.494292453,0.475846459,0.459280312,0.422427488,0.24098314
0.0912,0.503065097,0.48277842,0.462609234,0.420978467,0.234599521
0.09145,0.505806568,0.48121191,0.455677328,0.421840092,0.241688137
0.09169,0.498992151,0.478862129,0.466329819,0.426539735,0.250734926
0.09193,0.514618402,0.476747328,0.469110452,0.41443825,0.233346373
0.09218,0.485794118,0.491472821,0.460807825,0.426265646,0.227628535
0.09241,0.482974375,0.475494153,0.466016593,0.426344,0.232954793
0.09266,0.48767402,0.478235624,0.45289686,0.436604857,0.23338562
0.0929,0.484540969,0.468914745,0.457479013,0.43057371,0.239455984
0.09315,0.487321604,0.479684727,0.448628097,0.434568412,0.24337236
0.09339,0.491002997,0.483992736,0.459750549,0.417884801,0.241805848
0.09364,0.493626977,0.475298474,0.45853651,0.421762013,0.245173934
0.09389,0.487047543,0.474397743,0.45990726,0.417649877,0.222968276
0.09414,0.492726274,0.475455185,0.457126682,0.42278032,0.228725335
0.09438,0.492804628,0.473379548,0.466486778,0.420156395,0.235422315
0.09463,0.494801994,0.468327489,0.457205064,0.418276577,0.22986113
0.09488,0.489945752,0.474828653,0.462648815,0.42375949,0.2436467
0.09513,0.485755289,0.475494461,0.466369372,0.413968652,0.231036091
0.09538,0.501538195,0.477335172,0.460847352,0.426970952,0.232759312
0.09563,0.486264471,0.492452299,0.455834456,0.418629161,0.235500783
0.09588,0.482269826,0.482465643,0.456891898,0.410248207,0.22915633
0.09613,0.498679347,0.481917383,0.459829187,0.418629218,0.220383741
0.09638,0.481369123,0.471499929,0.453641387,0.417415179,0.217877308
0.09663,0.480860026,0.482974853,0.460299205,0.414752091,0.22085376
0.09688,0.487557007,0.471617476,0.461669955,0.418864284,0.2349918
0.09714,0.485716354,0.471813323,0.450586723,0.418276862,0.232132897
0.09739,0.490455162,0.484345661,0.458693589,0.417101986,0.223634453
0.09764,0.490298537,0.480977631,0.455482213,0.421214179,0.218856538
0.0979,0.494136586,0.473458275,0.456892128,0.42180166,0.228569108
0.09815,0.482505065,0.471813438,0.454229041,0.413655687,0.217564201
0.0984,0.489828662,0.481995968,0.456461387,0.424347343,0.230057376
0.09866,0.488418807,0.472635929,0.448041271,0.412833313,0.225827752
0.09893,0.490729481,0.467466381,0.460025322,0.407037149,0.216546039
0.09918,0.497034828,0.468328006,0.460377821,0.408212082,0.205541133
0.09944,0.487635625,0.474085065,0.453093446,0.412324276,0.216036972
0.09969,0.488810558,0.477453152,0.457714764,0.414752439,0.215527876
0.09995,0.47980299,0.465664978,0.446749022,0.41498745,0.207891029
0.10021,0.491943695,0.474476788,0.445534985,0.405235776,0.205776232
0.10048,0.485481752,0.476395828,0.458772267,0.411110326,0.209300974
0.10073,0.493079493,0.472401182,0.457989026,0.417768144,0.20871355
0.10099,0.476513376,0.464960153,0.46006472,0.423525204,0.213922321
0.10125,0.483210359,0.46911151,0.454973498,0.41581003,0.219992688
0.10151,0.486265139,0.462688731,0.449568969,0.413734396,0.214000707
0.10178,0.496016873,0.460691424,0.463981156,0.400262193,0.208517852
0.10204,0.494137056,0.479333265,0.447297548,0.397089981,0.202251727
0.1023,0.494489557,0.472714669,0.448629136,0.415731822,0.210593575
0.10258,0.489006703,0.469385805,0.450783158,0.405314371,0.20883125
0.10284,0.494411291,0.474242105,0.444282052,0.398499957,0.207382232
0.1031,0.492923109,0.474163808,0.454817054,0.414713663,0.211690243
0.10336,0.487753561,0.476513646,0.451096555,0.413812933,0.210907004
0.10364,0.488732679,0.468054368,0.44729773,0.399479135,0.216350757
0.1039,0.495038027,0.462297368,0.447611067,0.410249118,0.196455745
0.10416,0.480077612,0.472166591,0.461905763,0.404687936,0.207539036
0.10444,0.477571181,0.476866239,0.448472724,0.407703554,0.200881278
0.1047,0.501656744,0.47925524,0.442989869,0.407781911,0.195163441
0.10498,0.496643851,0.473419915,0.460965932,0.409505134,0.211572966
0.10524,0.479646936,0.47878534,0.450509316,0.411032539,0.208244101
0.10551,0.48916369,0.465195647,0.450940145,0.410680099,0.20765668
0.10579,0.497231396,0.478041296,0.442324213,0.41541891,0.207382567
0.10605,0.484424971,0.477062239,0.437115502,0.412050882,0.206638491
0.10633,0.486970628,0.473302578,0.457676354,0.410171067,0.197200126
0.1066,0.491591949,0.468994627,0.457676385,0.404727376,0.184785338
0.10688,0.494137605,0.478198074,0.439896202,0.393879126,0.200215775
0.10715,0.477101528,0.473929287,0.457754774,0.400693601,0.207617702
0.10743,0.482623608,0.466370769,0.442990178,0.408447999,0.193362231
0.1077,0.488537323,0.480312994,0.43746816,0.400380356,0.195751234
0.10798,0.495939249,0.476005044,0.440718759,0.401946926,0.194811342
0.10825,0.498719887,0.467154132,0.437703203,0.403043534,0.207187029
0.10853,0.495430187,0.47107051,0.451919574,0.392626083,0.200568434
0.1088,0.484856082,0.467075867,0.451684624,0.399949682,0.197357061
0.10908,0.477610871,0.478002506,0.436645883,0.404061878,0.194576486
0.10935,0.479373258,0.478159191,0.44776834,0.402064572,0.206364721
0.10964,0.483798763,0.473616261,0.451214757,0.407351673,0.192579213
0.10991,0.492140613,0.472284735,0.43531442,0.401907982,0.199863649
0.1102,0.500169157,0.469582488,0.433904568,0.390981407,0.199550374
0.11048,0.483289733,0.476827761,0.442481399,0.396268506,0.185725701
0.11076,0.496527018,0.470561638,0.443656336,0.397130135,0.194067552
0.11104,0.502910695,0.457951033,0.447259406,0.390629031,0.182592687
0.11133,0.481644964,0.467428625,0.448904304,0.38675188,0.188310586
0.1116,0.490065141,0.47436059,0.452820682,0.398618442,0.196965744
0.11189,0.48325073,0.471501689,0.459909303,0.380524952,0.190895439
0.11218,0.484503994,0.478786127,0.444439765,0.390589997,0.193636914
0.11245,0.486853833,0.462689973,0.437351209,0.386007902,0.203858611
0.11274,0.498994541,0.462846659,0.446006368,0.402652409,0.181887938
0.11303,0.483446676,0.472950867,0.450706017,0.408801106,0.181418009
0.11331,0.49441248,0.467468014,0.437586288,0.390081,0.175661011
0.1136,0.49268932,0.474086673,0.431555146,0.387417917,0.191248104
0.11389,0.492611026,0.468094695,0.436176468,0.399676115,0.181065635
0.11418,0.489908779,0.462846823,0.440327828,0.394741551,0.177188485
0.11446,0.4778073,0.469700462,0.435980716,0.393605843,0.184864557
0.11475,0.479961324,0.472716082,0.435471624,0.389415385,0.176992733
0.11505,0.48564006,0.475888357,0.429322993,0.391060284,0.186352836
0.11534,0.478159871,0.475692572,0.438839748,0.384441691,0.177736905
0.11563,0.471893748,0.464805161,0.448473994,0.383932599,0.178363553
0.11593,0.482859553,0.472481234,0.435706738,0.391217038,0.179107693
0.11621,0.485366048,0.474831075,0.440249733,0.38342354,0.178716091
0.1165,0.491279764,0.463747846,0.433317831,0.386830794,0.170413469
0.1168,0.487598432,0.467938371,0.430733076,0.387104973,0.169434416
0.11709,0.477846761,0.466411029,0.445223592,0.38546014,0.182162576
0.11739,0.479491661,0.481254017,0.432417172,0.386595914,0.176366417
0.11769,0.475536185,0.46249475,0.440484881,0.396817614,0.177228047
0.11798,0.491867384,0.454035473,0.449218367,0.393292934,0.163560029
0.11828,0.491044985,0.462886451,0.4431089,0.392313882,0.175700738
0.11858,0.487089509,0.470640852,0.4447538,0.39180479,0.182750197
0.11888,0.493120717,0.472755714,0.423723051,0.388906728,0.182162779
0.11918,0.488538625,0.459949293,0.436137905,0.384990415,0.171001224
0.11948,0.488695313,0.469309396,0.443970632,0.37833266,0.176797452
0.11978,0.49155428,0.474126537,0.440367627,0.387849416,0.170922965
0.12008,0.483016678,0.47365661,0.447926211,0.377314477,0.172215394
0.12038,0.481763481,0.464296575,0.438761993,0.376492079,0.171549649
0.12068,0.487833853,0.464139955,0.433396632,0.371165881,0.171001394
0.12098,0.48380005,0.472834279,0.437195523,0.389533582,0.174800285
0.12128,0.489322133,0.470327851,0.439780346,0.389102818,0.155296912
0.12159,0.487011524,0.469544617,0.436686467,0.375317312,0.177228489
0.12189,0.482194451,0.471189517,0.428462173,0.382680078,0.181497342
0.12219,0.489165583,0.470562935,0.429441294,0.396857288,0.167907652
0.1225,0.497820745,0.459479709,0.444205957,0.388632995,0.156941916
0.1228,0.482077065,0.46045883,0.435668355,0.382131893,0.170844982
0.12311,0.48603261,0.46073301,0.433396909,0.37570912,0.167790267
0.12341,0.480314778,0.471463834,0.4306555,0.380761241,0.171589157
0.12373,0.503695404,0.471150562,0.426739189,0.376374969,0.168338625
0.12404,0.493473774,0.46813501,0.433436177,0.37328109,0.165009765
0.12434,0.490066587,0.463513755,0.433279558,0.385186818,0.167437935
0.12465,0.487795141,0.468409224,0.427953361,0.383620315,0.172490057
0.12496,0.47722104,0.462182268,0.440603197,0.378685754,0.164539909
0.12528,0.472599786,0.459558351,0.432731375,0.378333318,0.162268463
0.12559,0.493043152,0.459088425,0.433162209,0.368268342,0.15392668
0.1259,0.483330647,0.456386181,0.438410149,0.367602599,0.156903139
0.12621,0.488891895,0.465472141,0.432418174,0.375435328,0.152086068
0.12653,0.472404111,0.445498808,0.43265319,0.376766921,0.156237431
0.12684,0.489361928,0.463318221,0.426112927,0.370970763,0.157608188
0.12715,0.489205309,0.47001521,0.439702685,0.376649502,0.16638084
0.12748,0.49128101,0.448749484,0.430812615,0.388868541,0.152242865
0.12779,0.481685996,0.463357493,0.440329373,0.377080372,0.154827689
0.1281,0.493591726,0.458540422,0.434219908,0.386166332,0.151068032
0.12843,0.48521078,0.45979369,0.425212347,0.36811201,0.1563943
0.12874,0.468722996,0.463514254,0.430616941,0.379704432,0.14707343
0.12906,0.490380431,0.462300224,0.424742458,0.371088506,0.146838487
0.12938,0.487129898,0.462339423,0.429011311,0.369678657,0.150872359
0.1297,0.49927061,0.455838324,0.433867618,0.363177558,0.14323552
0.13003,0.479571423,0.459284746,0.427797318,0.367015615,0.141903999
0.13034,0.488579056,0.471151312,0.423528535,0.368621352,0.155767902
0.13066,0.470642224,0.45670003,0.424938457,0.367133178,0.148013572
0.13099,0.481764686,0.449924786,0.424938494,0.359300521,0.158509419
0.13131,0.482469665,0.46253546,0.412053749,0.374300166,0.156786263
0.13164,0.498017599,0.463083785,0.433672021,0.363021124,0.143940682
0.13196,0.482156431,0.468527544,0.43335875,0.374926855,0.151655922
0.13229,0.477456852,0.464493744,0.430695671,0.365801804,0.147974593
0.13261,0.471739023,0.451452346,0.426818524,0.36646762,0.153692496
0.13294,0.467744386,0.462222337,0.425134532,0.366702638,0.152870101
0.13328,0.485328821,0.463162298,0.427876013,0.357107626,0.140455319
0.1336,0.480355098,0.453528122,0.42098328,0.359026673,0.152282724
0.13393,0.475616355,0.45106086,0.429050991,0.369796664,0.153026866
0.13426,0.477731221,0.446439609,0.427092856,0.368700125,0.1583923
0.13459,0.477182969,0.447575387,0.430382624,0.369796739,0.141395392
0.13493,0.485289845,0.458384542,0.423098258,0.359457622,0.142022045
0.13525,0.494062499,0.457679637,0.417419591,0.357225341,0.154711046
0.13559,0.497391432,0.453019222,0.420905178,0.363139063,0.143980294
0.13591,0.481295283,0.455643212,0.423490004,0.367016283,0.150677284
0.13625,0.481412812,0.453058461,0.424547456,0.361572599,0.143471244
0.13659,0.486229957,0.449298807,0.419025446,0.354640704,0.136735166
0.13693,0.487326573,0.463436857,0.413738416,0.360671916,0.134463723
0.13726,0.482705322,0.456544125,0.42533084,0.361102752,0.145272878
0.1376,0.482078744,0.453332759,0.424900081,0.369092138,0.1279235
0.13794,0.485329351,0.453802759,0.422393657,0.365880772,0.131644068
0.13828,0.474559435,0.455447663,0.430069735,0.357734809,0.140299233
0.13861,0.46966404,0.459716519,0.418673204,0.365920012,0.133249847
0.13895,0.475068637,0.454507816,0.414443588,0.36478431,0.13646129
0.13929,0.479885782,0.438803304,0.408569106,0.353152798,0.123419893
0.13963,0.481256541,0.452158084,0.418516665,0.350215576,0.125338941
0.13998,0.473541378,0.448907556,0.419417465,0.364001157,0.132584223
0.14031,0.470173358,0.452314816,0.422119782,0.345594365,0.145586532
0.14066,0.481256659,0.454077212,0.414952907,0.35581607,0.129372896
0.141,0.48591715,0.46175329,0.422237351,0.361377321,0.123498414
0.14135,0.476792102,0.453998963,0.418947659,0.34770931,0.133602629
0.14169,0.487092132,0.449103568,0.417381159,0.350411628,0.126905714
0.14204,0.467275457,0.447341252,0.419261045,0.350764139,0.137088256
0.14239,0.472993363,0.458307062,0.434887308,0.350646688,0.145547604
0.14273,0.478789595,0.45795463,0.406063034,0.36231744,0.14292369
0.14308,0.492222704,0.451571024,0.413190825,0.362278316,0.125613477
0.14343,0.487758109,0.462497671,0.418712914,0.351155931,0.140378145
0.14378,0.499507189,0.438373015,0.411937674,0.35002023,0.130743971
0.14413,0.482236139,0.454547567,0.41879132,0.350098597,0.127845914
0.14448,0.483881044,0.451884491,0.407394791,0.351234377,0.123302991
0.14483,0.48756245,0.446597462,0.411389504,0.360202851,0.134738764
0.14519,0.48055223,0.454586851,0.406337458,0.344380851,0.134268843
0.14554,0.477066721,0.459991449,0.412290345,0.347278987,0.128629344
0.14589,0.468059163,0.465513538,0.419496463,0.355581682,0.119660949
0.14625,0.479808245,0.452472144,0.400502222,0.353036098,0.113159855
0.1466,0.486701055,0.455487771,0.422903765,0.346104204,0.126749618
0.14696,0.493123905,0.448869186,0.410802295,0.347318313,0.11942609
0.14731,0.487171098,0.452746409,0.418752519,0.341130524,0.12236339
0.14768,0.481022474,0.452276489,0.416402752,0.34242296,0.116880546
0.14803,0.478594379,0.455605423,0.407473521,0.345242769,0.129647876
0.14839,0.473307352,0.450749194,0.40508459,0.342736349,0.121736897
0.14875,0.479534385,0.456153794,0.405437103,0.332358071,0.124870015
0.14911,0.492732514,0.452002507,0.409588471,0.345086239,0.127024047
0.14948,0.465357291,0.455683915,0.402460761,0.346496165,0.120248809
0.14984,0.473816642,0.462459236,0.415737218,0.33615705,0.123851889
0.1502,0.478046337,0.454078295,0.420515202,0.342423247,0.122872843
0.15056,0.466101521,0.436924737,0.418008782,0.335687171,0.122324596
0.15093,0.458308032,0.446441501,0.40657309,0.335178087,0.120248973
0.15129,0.485370029,0.442055233,0.403910015,0.345556447,0.119583235
0.15165,0.491636225,0.452355267,0.410685336,0.345164854,0.121933085
0.15203,0.477106621,0.445423375,0.406416561,0.3422668,0.118095107
0.15239,0.473386133,0.446872465,0.417539027,0.338467984,0.122089822
0.15276,0.470253098,0.445815094,0.412408655,0.344185894,0.126202029
0.15313,0.467590023,0.445697645,0.417578274,0.338546395,0.122990666
0.1535,0.475422759,0.443778677,0.403361978,0.343755179,0.119975121
0.15386,0.48376462,0.452277191,0.415855165,0.341248758,0.118016989
0.15424,0.475187862,0.447655944,0.410293995,0.333572761,0.117703724
0.15461,0.485527061,0.441781467,0.400072373,0.343441998,0.122207565
0.15499,0.49238071,0.444914586,0.393610443,0.336275125,0.13148935
0.15535,0.47757696,0.453726408,0.405007053,0.342815466,0.114531609
0.15573,0.479104378,0.45055421,0.401247403,0.335766084,0.118761306
0.1561,0.49523977,0.437826125,0.406221206,0.328285904,0.132194418
0.15649,0.48063184,0.447499546,0.400855855,0.347750192,0.117234017
0.15686,0.480279411,0.444405674,0.406769581,0.343755561,0.104075135
0.15724,0.483373368,0.449222823,0.405438066,0.333808082,0.115589237
0.15761,0.46982285,0.44949701,0.40770959,0.334003942,0.103801076
0.15799,0.473308442,0.442290975,0.400542718,0.329265205,0.10517184
0.15838,0.466650696,0.445228279,0.392788395,0.328638634,0.104545268
0.15875,0.481102058,0.444680033,0.402579304,0.326132214,0.108774965
0.15914,0.473347736,0.443426846,0.387540577,0.337881299,0.116999337
0.15951,0.485880088,0.441821186,0.395921601,0.324017474,0.116451092
0.1599,0.47659839,0.444406019,0.394237616,0.325192422,0.115589539
0.16029,0.482825425,0.443387813,0.404615979,0.330597024,0.10031583
0.16066,0.482081362,0.437944133,0.405281801,0.32961798,0.10536796
0.16105,0.476911828,0.447735044,0.395373487,0.327659851,0.099297667
0.16144,0.471233169,0.438179202,0.398271628,0.331145443,0.105485539
0.16183,0.484000504,0.450946537,0.408336683,0.317242456,0.117626258
0.16221,0.477851884,0.44393632,0.396470196,0.326210934,0.106973839
0.1626,0.46896182,0.44377971,0.399329174,0.317399198,0.10423244
0.16299,0.468961864,0.442134888,0.394903746,0.331772235,0.11762639
0.16339,0.483726537,0.449928464,0.398350176,0.32589776,0.118370541
0.16378,0.469196934,0.444249805,0.395373797,0.322490582,0.102705198
0.16416,0.478517884,0.448831975,0.393024033,0.332986436,0.096674068
0.16456,0.481376862,0.451573463,0.400621791,0.328208538,0.104076009
0.16495,0.475619877,0.445424842,0.4022667,0.319200984,0.110538025
0.16535,0.476912316,0.444289147,0.39858538,0.319514337,0.113279513
0.16574,0.482904371,0.443545085,0.398781241,0.325545555,0.099846487
0.16614,0.472291117,0.435829928,0.396862277,0.322334196,0.09608684
0.16654,0.478400663,0.451103725,0.390557003,0.313248317,0.101765588
0.16694,0.458074868,0.443231914,0.401287839,0.31841794,0.097575143
0.16733,0.455685941,0.446130054,0.387110708,0.321002773,0.104076322
0.16773,0.481259731,0.439315656,0.393807706,0.318887991,0.09902428
0.16813,0.480084872,0.449929002,0.392280376,0.31113367,0.106857019
0.16853,0.469549945,0.446208518,0.388794873,0.307843984,0.109363527
0.16894,0.483178879,0.444093737,0.385270208,0.321081283,0.108854448
0.16934,0.461325709,0.431913944,0.397175948,0.320963838,0.093894049
0.16974,0.469980881,0.442605616,0.390909838,0.30839241,0.097222989
0.17014,0.479184341,0.443428094,0.394395432,0.318888265,0.108658767
0.17055,0.474445608,0.439825102,0.38809016,0.317556754,0.107718891
0.17095,0.473231586,0.444955562,0.392163207,0.324097099,0.087588913
0.17136,0.480398548,0.438924435,0.387111166,0.320063308,0.094677548
0.17176,0.477108862,0.449381126,0.385153038,0.307726861,0.111204577
0.17218,0.471391042,0.445425663,0.378456132,0.311760745,0.101531247
0.17259,0.470999454,0.442331795,0.382999141,0.313523148,0.100003919
0.173,0.465124981,0.432384321,0.39228093,0.319123571,0.093032868
0.1734,0.476482432,0.442253561,0.392320139,0.318614491,0.093972837
0.17381,0.472331151,0.437397337,0.376106509,0.306748007,0.087902546
0.17423,0.473388612,0.438219817,0.380962826,0.310507747,0.097458479
0.17465,0.471156342,0.443389443,0.380492913,0.297662178,0.092798075
0.17506,0.464929398,0.427880757,0.39302527,0.303223437,0.088529304
0.17548,0.464576973,0.437515017,0.382646997,0.303105993,0.099769266
0.17589,0.476991839,0.434264495,0.382059592,0.301147867,0.109325199
0.17631,0.466261097,0.425687744,0.393652027,0.30831483,0.101766698
0.17673,0.472683953,0.440883217,0.387385919,0.295782567,0.094560666
0.17714,0.468885143,0.433794676,0.391067332,0.303967778,0.092759194
0.17756,0.468571884,0.432110695,0.382960542,0.294686085,0.100670263
0.17799,0.478323636,0.430505041,0.386759447,0.302166355,0.092563473
0.1784,0.458232823,0.435831319,0.383743907,0.301500623,0.095226635
0.17883,0.482318405,0.427450385,0.390519235,0.30995998,0.095226684
0.17925,0.478950395,0.438847003,0.387699513,0.310782462,0.095265895
0.17968,0.477775539,0.438690397,0.38147257,0.307453615,0.103216128
0.1801,0.474446692,0.44472162,0.374697338,0.299660133,0.09377778
0.18053,0.475034192,0.437868061,0.381159359,0.295587181,0.090135626
0.18095,0.474133481,0.445348332,0.383313398,0.304986461,0.090683963
0.18138,0.484355194,0.439043062,0.388248043,0.297858758,0.084966144
0.18181,0.478128253,0.423612705,0.384527563,0.29472573,0.096597744
0.18224,0.473311194,0.436693351,0.386799093,0.296527298,0.094326311
0.18266,0.479459907,0.425218503,0.382373669,0.301814415,0.099809245
0.1831,0.461523088,0.434813603,0.375441785,0.295235002,0.087394475
0.18353,0.459486636,0.43457867,0.383548671,0.290966232,0.083673994
0.18396,0.473624698,0.43571446,0.376342642,0.306514178,0.098634489
0.1844,0.4676719,0.426667749,0.38264801,0.305495978,0.092916672
0.18483,0.485099692,0.430192509,0.389031704,0.295509342,0.099457019
0.18526,0.467711162,0.423143135,0.381120733,0.285914342,0.090527798
0.1857,0.479225271,0.425062194,0.376186186,0.298055066,0.096363205
0.18614,0.477423801,0.430036004,0.372857341,0.302989713,0.099104697
0.18658,0.474995716,0.4278429,0.364241427,0.299112579,0.086141639
0.18701,0.473860025,0.425453978,0.37195668,0.299935062,0.081481236
0.18746,0.476209884,0.431602693,0.365651413,0.296332074,0.092877856
0.1879,0.47718902,0.43066282,0.367531309,0.303381548,0.098634936
0.18834,0.47346854,0.431446139,0.365729839,0.28951773,0.090998109
0.18879,0.47017886,0.42862642,0.377792238,0.291828426,0.094718689
0.18923,0.481223008,0.43528426,0.37555997,0.283447493,0.07858339
0.18968,0.477776674,0.430388877,0.374385117,0.284465794,0.081638192
0.19011,0.477698397,0.423731137,0.370821292,0.279922882,0.087160291
0.19056,0.469199975,0.42702092,0.365612601,0.290418742,0.086220418
0.19101,0.46563615,0.433835414,0.377988308,0.289870505,0.082343286
0.19146,0.462033162,0.425963608,0.369607377,0.289008959,0.084928126
0.19191,0.460505838,0.428979246,0.366552678,0.281685442,0.085280648
0.19236,0.462072428,0.42494546,0.375991125,0.289361533,0.090332787
0.19281,0.493834052,0.42764779,0.361500692,0.289361584,0.085319914
0.19326,0.476210542,0.423692331,0.373171457,0.280745672,0.093035168
0.19371,0.486197278,0.433483249,0.362479881,0.2838788,0.084693401
0.19418,0.478207983,0.430428551,0.366043809,0.282625622,0.074589278
0.19463,0.488312209,0.431016054,0.374346516,0.284074721,0.08837487
0.19508,0.473586796,0.428783788,0.370704364,0.273813944,0.075255159
0.19554,0.459683817,0.430350379,0.368511262,0.289048585,0.082931252
0.196,0.477934046,0.431760316,0.368589642,0.281803396,0.085085295
0.19645,0.471041326,0.427413223,0.37442505,0.291946786,0.091938953
0.19691,0.479970649,0.426199207,0.360443744,0.295314896,0.095228737
0.19738,0.457765015,0.433170357,0.369020596,0.276790628,0.08485047
0.19784,0.466811829,0.430076496,0.373916082,0.284662538,0.073767261
0.1983,0.469984123,0.416447661,0.350692198,0.276908224,0.086299624
0.19876,0.478639302,0.425142004,0.363616195,0.28654249,0.081012608
0.19923,0.48423973,0.422792248,0.36228469,0.290302235,0.086221402
0.19969,0.466342077,0.424163022,0.361736454,0.281960469,0.082853396
0.20016,0.45717788,0.424907182,0.361658181,0.282939609,0.090294509
0.20063,0.470767656,0.419933474,0.36862933,0.270015717,0.085164147
0.20109,0.472960863,0.433053288,0.366592883,0.270329078,0.085634161
0.20156,0.471864339,0.421617609,0.370783428,0.276986921,0.083754368
0.20204,0.469632075,0.421147702,0.362598317,0.278318533,0.086417538
0.2025,0.463365973,0.422048514,0.357820426,0.280355086,0.078780714
0.20298,0.465520018,0.425847424,0.366553933,0.274872254,0.071300546
0.20345,0.471198775,0.417466496,0.365222429,0.274480673,0.080308197
0.20393,0.458353211,0.423301907,0.361071156,0.280355247,0.080034107
0.2044,0.470533104,0.427727433,0.363969306,0.272914242,0.077841007
0.20488,0.468614148,0.420012283,0.354805109,0.27498996,0.085086302
0.20535,0.471316481,0.420090664,0.3502622,0.274128418,0.071614123
0.20583,0.460703235,0.411396428,0.359661486,0.282274473,0.08214915
0.20631,0.475742062,0.424594572,0.358799946,0.274755143,0.071692559
0.20679,0.456238709,0.423811357,0.349831565,0.261713761,0.076666374
0.20728,0.467870314,0.423772249,0.355666977,0.273854492,0.088493796
0.20775,0.461760867,0.41131832,0.358721782,0.277418421,0.081757734
0.20824,0.465285634,0.423968175,0.36146328,0.266296052,0.076000759
0.20873,0.462191776,0.423419942,0.36275573,0.270760743,0.078233132
0.2092,0.4564348,0.417506312,0.354413965,0.263946353,0.076118359
0.20969,0.473588454,0.416566444,0.357586261,0.26735363,0.075609289
0.21018,0.482321963,0.418172202,0.358957038,0.262614906,0.077606681
0.21066,0.473275257,0.424320922,0.363539219,0.268293664,0.083912055
0.21115,0.450403847,0.415235052,0.357351446,0.27428573,0.079604129
0.21165,0.465521003,0.414725984,0.351946944,0.268058795,0.072280617
0.21214,0.465011933,0.423067858,0.358604789,0.266296495,0.071614894
0.21263,0.469476624,0.420796432,0.346346679,0.263280963,0.08054422
0.21313,0.464463756,0.408264179,0.357312507,0.267001549,0.076510439
0.21361,0.457571041,0.419347496,0.346620935,0.267393239,0.081053457
0.21411,0.46493383,0.413394706,0.358095888,0.257994063,0.076902186
0.21461,0.472179128,0.423381447,0.347443482,0.268215785,0.073964982
0.2151,0.463406567,0.414413068,0.355472048,0.26606185,0.066484815
0.2156,0.458746171,0.426318819,0.353239787,0.24949576,0.066367382
0.2161,0.460430257,0.410496835,0.357234518,0.261323184,0.069892151
0.2166,0.456788111,0.414922363,0.349871842,0.264691299,0.071811217
0.2171,0.469712112,0.40634562,0.352809159,0.264613029,0.078978189
0.21761,0.479972999,0.411397766,0.343566639,0.262184952,0.069226543
0.21811,0.475077622,0.413786794,0.356099006,0.259365239,0.075179447
0.21861,0.466265899,0.41241613,0.353710091,0.258464536,0.081054024
0.21913,0.468302457,0.423303632,0.356177447,0.255997295,0.0726731
0.21963,0.462623811,0.411476321,0.337144059,0.254117506,0.079957562
0.22014,0.480404084,0.403956994,0.344663503,0.2606187,0.074670552
0.22065,0.470809092,0.404074542,0.346308426,0.254156786,0.063861493
0.22115,0.47116162,0.412024783,0.347013426,0.256663304,0.08520564
0.22166,0.468028601,0.415040428,0.33534277,0.248791505,0.064762368
0.22218,0.468733602,0.413630602,0.345016205,0.255566843,0.074083331
0.22269,0.462898303,0.408735226,0.342548965,0.264104538,0.069579591
0.2232,0.465209006,0.420131854,0.341334955,0.254744527,0.05254354
0.22373,0.454634929,0.417312144,0.340865053,0.248478432,0.069266401
0.22424,0.449230428,0.411555172,0.344428987,0.257094453,0.070402199
0.22475,0.465600816,0.415432413,0.344076574,0.254744703,0.065624314
0.22528,0.464817607,0.412064415,0.341374354,0.253334878,0.077255924
0.22579,0.465914242,0.412573598,0.34630901,0.256859648,0.084383734
0.22631,0.461018868,0.40368355,0.336479039,0.251063514,0.072908897
0.22684,0.461880524,0.407599957,0.344155138,0.251651026,0.070598312
0.22736,0.456397698,0.412887084,0.337614898,0.243074286,0.076433728
0.22788,0.45859091,0.417155961,0.344742708,0.242956854,0.077765344
0.2284,0.470261683,0.418409251,0.337458362,0.248831434,0.073418259
0.22893,0.455927914,0.413122243,0.341492259,0.2450718,0.070559385
0.22946,0.459256869,0.399180109,0.340082435,0.250202276,0.079645371
0.22999,0.452364159,0.405015525,0.341844851,0.241664699,0.063784226
0.23051,0.46164596,0.410537634,0.340748333,0.246246884,0.072361085
0.23105,0.461998492,0.401373443,0.339886798,0.248048465,0.081760378
0.23158,0.4593746,0.408892889,0.337732867,0.242722293,0.066604176
0.23211,0.467794806,0.411242758,0.332680841,0.24753946,0.061904621
0.23264,0.455027575,0.404663355,0.334012458,0.241978308,0.068523306
0.23318,0.456672502,0.411047061,0.341414415,0.240999282,0.065155309
0.23371,0.455341005,0.403841044,0.339495466,0.248322911,0.071891487
0.23425,0.457886691,0.40435023,0.337106555,0.239119557,0.077217779
0.23479,0.469870774,0.399846492,0.339378097,0.241939388,0.071460811
0.23533,0.452560582,0.398593322,0.342589563,0.239707131,0.077687863
0.23588,0.467795233,0.409363339,0.335736018,0.23853229,0.060416836
0.23641,0.472690728,0.407640207,0.333660415,0.251456295,0.067857956
0.23695,0.473591549,0.413710606,0.342433093,0.239354845,0.06958121
0.2375,0.463839907,0.407601167,0.33017499,0.23442031,0.072792676
0.23804,0.468931219,0.412692479,0.332407369,0.235125314,0.072518593
0.23859,0.459492886,0.406739694,0.33883024,0.242527271,0.070442992
0.23914,0.460550362,0.402079304,0.334953119,0.243819728,0.068563208
0.23969,0.456164116,0.40313678,0.327786267,0.235595463,0.066605097
0.24024,0.45369688,0.402745208,0.331232715,0.233559025,0.06593938
0.24079,0.45592926,0.406857434,0.331781066,0.231757567,0.064764539
0.24134,0.454127803,0.406035064,0.332877705,0.231835957,0.065195399
0.24189,0.462782992,0.402667068,0.342590308,0.242997608,0.060926643
0.24244,0.465132862,0.399964851,0.33389608,0.236927332,0.072519092
0.243,0.464075513,0.399377463,0.32900071,0.233441848,0.068328665
0.24355,0.460198392,0.398829237,0.340358179,0.239551411,0.078119595
0.24411,0.464036476,0.403489753,0.325123653,0.233833609,0.073459206
0.24468,0.46720878,0.402471567,0.327943487,0.230778922,0.069934558
0.24523,0.466347246,0.407915352,0.337969397,0.243546275,0.06124033
0.24579,0.462195983,0.403920742,0.336442086,0.233363837,0.069347232
0.24635,0.462861825,0.402510921,0.320620108,0.232541468,0.069817257
0.24691,0.460590408,0.401492734,0.332134232,0.231131647,0.059987291
0.24748,0.470851301,0.399847933,0.330959392,0.233089884,0.068955789
0.24805,0.462196239,0.394443439,0.331625236,0.227019612,0.063707949
0.24861,0.46239212,0.399025629,0.32778728,0.231875946,0.070796601
0.24918,0.456478501,0.390997182,0.322696093,0.221497691,0.057990211
0.24975,0.45393294,0.395031084,0.331468775,0.227137295,0.05736366
0.25033,0.454755439,0.394835332,0.330254773,0.232581083,0.057402889
0.25089,0.457379455,0.393621328,0.323362066,0.223299405,0.067820436
0.25146,0.462744915,0.39460048,0.326965171,0.234108587,0.062063471
0.25204,0.456831297,0.39577545,0.324889572,0.230231469,0.068329691
0.25261,0.456283074,0.405605546,0.328101042,0.220832302,0.070757891
0.25319,0.462353476,0.399574437,0.326965366,0.229526657,0.059988003
0.25376,0.461217801,0.39616728,0.323479883,0.217425211,0.063982742
0.25435,0.458515588,0.398791299,0.315960564,0.229213481,0.061633
0.25493,0.45553923,0.393778441,0.310751888,0.22631545,0.069465759
0.2555,0.454795189,0.397420708,0.320660311,0.227960381,0.05258637
0.25609,0.453072064,0.394914313,0.323323493,0.227177178,0.067272737
0.25668,0.465996075,0.409169882,0.322501127,0.225179908,0.057286119
0.25725,0.449547483,0.397146763,0.310086373,0.222595184,0.072129139
0.25784,0.449195079,0.39252554,0.311809632,0.212099442,0.061711723
0.25843,0.458241907,0.39142903,0.320778133,0.219305587,0.063591636
0.25901,0.462471628,0.391311606,0.320699873,0.221028846,0.071620214
0.2596,0.462550022,0.387982778,0.314982073,0.219031576,0.055837403
0.2602,0.448960366,0.390841779,0.319211796,0.215115297,0.056150779
0.26079,0.455853203,0.387865422,0.318781064,0.224201288,0.060497991
0.26139,0.461336157,0.398870425,0.309342736,0.218209346,0.060772203
0.26198,0.453072732,0.391860231,0.325478152,0.225767962,0.057874173
0.26258,0.461297128,0.395972463,0.315687353,0.223496549,0.061320626
0.26318,0.451075531,0.394131848,0.315844075,0.216251375,0.055759482
0.26376,0.45076229,0.393426973,0.315491671,0.218562087,0.05137324
0.26436,0.457380984,0.398322474,0.313220258,0.218209683,0.059754291
0.26496,0.447551022,0.396286042,0.313729451,0.21503751,0.060498464
0.26558,0.447511928,0.387787639,0.308834087,0.204972569,0.065746439
0.26618,0.453621497,0.397147776,0.318350878,0.218601524,0.057913813
0.26678,0.453660729,0.389432641,0.30801179,0.222439612,0.067391441
0.26739,0.458164597,0.390725105,0.308795129,0.218170863,0.068331433
0.26799,0.446611442,0.38402822,0.309656793,0.208771699,0.062574472
0.2686,0.458321389,0.386103953,0.305544699,0.210534125,0.061556291
0.26921,0.463099401,0.39894964,0.320270232,0.211709098,0.062574611
0.26981,0.462472854,0.394171765,0.31044027,0.214215628,0.063122967
0.27043,0.45475772,0.392291988,0.306993954,0.221343449,0.05717019
0.27104,0.44911825,0.382540354,0.307463985,0.207401324,0.062653145
0.27166,0.456637707,0.397892505,0.303195238,0.208145501,0.056857023
0.27228,0.450841583,0.389198284,0.31451355,0.21018207,0.066334651
0.27289,0.44606371,0.383637141,0.306171801,0.209359707,0.06508149
0.27351,0.455384686,0.384577135,0.308482516,0.211592096,0.059833656
0.27413,0.455893881,0.370909154,0.307542663,0.196161759,0.06202688
0.27475,0.4381529,0.386339632,0.313064783,0.21061315,0.059794633
0.27538,0.458048013,0.38947278,0.312164094,0.209790788,0.05670079
0.276,0.457186488,0.381483504,0.3019425,0.202623944,0.067705796
0.27663,0.464901762,0.38492996,0.313965755,0.19941261,0.068998261
0.27725,0.445594243,0.390530407,0.310127806,0.20787199,0.051531425
0.27788,0.444615227,0.387789035,0.302921799,0.212101716,0.059638334
0.2785,0.457069281,0.376979989,0.304605899,0.210496085,0.062614828
0.27913,0.448649207,0.388376629,0.298457306,0.206971444,0.063985621
0.27976,0.461064098,0.384773662,0.302843686,0.210692045,0.062849953
0.2804,0.457421968,0.394251294,0.3080525,0.208146492,0.05556562
0.28103,0.440464257,0.382815632,0.302726339,0.202389533,0.06222348
0.28166,0.455581428,0.384499733,0.303039719,0.201410519,0.061244466
0.2823,0.458871232,0.38363821,0.299671733,0.199217437,0.061440356
0.28294,0.455620737,0.379643608,0.298614392,0.204700395,0.059638908
0.28358,0.457069857,0.372045968,0.302609138,0.203838871,0.057054192
0.28421,0.449628871,0.378077214,0.299045335,0.188016902,0.05881662
0.28486,0.456717532,0.379056375,0.307504718,0.193382371,0.056936848
0.2855,0.452644604,0.383481919,0.290625336,0.195497271,0.055801179
0.28615,0.451038976,0.378038271,0.294110958,0.195849816,0.056858667
0.28679,0.445516999,0.38477446,0.296500002,0.198826312,0.058307788
0.28744,0.453114785,0.389983274,0.29575597,0.196045779,0.057132957
0.28809,0.452684061,0.37600199,0.292818783,0.195536728,0.059639493
0.28874,0.447122922,0.381759094,0.299829118,0.202233755,0.052550979
0.28939,0.44050437,0.380858408,0.302844779,0.190523952,0.068333931
0.29004,0.448807099,0.385479771,0.293758928,0.197142652,0.05834732
0.2907,0.446770674,0.377529662,0.296422119,0.193735505,0.05118048
0.29135,0.447044892,0.379997034,0.295678087,0.198709339,0.050984737
0.29201,0.45566093,0.38203361,0.294934056,0.200824242,0.051807245
0.29266,0.444068617,0.370989585,0.292271014,0.19342242,0.061010734
0.29333,0.441170596,0.382307903,0.286944858,0.200119448,0.052316519
0.29399,0.457071039,0.375023573,0.294973444,0.198709639,0.053295681
0.29465,0.459146778,0.374005398,0.292310403,0.197260666,0.047147092
0.29531,0.454682218,0.376551099,0.286788429,0.192365307,0.057212178
0.29598,0.447045417,0.377216953,0.284517023,0.195263479,0.057603888
0.29664,0.457227994,0.377217028,0.287180214,0.187274207,0.058622213
0.29731,0.436549759,0.37772623,0.294464696,0.200550699,0.056194155
0.29798,0.44406922,0.379292844,0.292467435,0.189859148,0.047108306
0.29865,0.452215298,0.372595967,0.292389184,0.181243261,0.051847162
0.29933,0.433573564,0.363940917,0.28819877,0.191230022,0.053922902
0.3,0.444147777,0.369933005,0.291762722,0.19643884,0.058661758
0.30068,0.460635674,0.372635361,0.289961279,0.199571994,0.052983132
0.30135,0.455152865,0.366330119,0.287454894,0.186491472,0.052591574
0.30203,0.453821384,0.369424109,0.289922269,0.18762729,0.055803055
0.3027,0.444304737,0.379802505,0.293838692,0.183162731,0.049106179
0.30339,0.454526481,0.374672169,0.286006077,0.19029056,0.053453402
0.30406,0.457542144,0.37122586,0.29285976,0.192522954,0.050947016
0.30475,0.451041087,0.369150274,0.286241212,0.187588435,0.058114009
0.30544,0.453821771,0.375064036,0.287220377,0.184690417,0.055450971
0.30611,0.450610443,0.373615064,0.286672165,0.185238782,0.056547625
0.3068,0.453900253,0.368014767,0.286633079,0.181635821,0.054746184
0.30749,0.442190454,0.371187086,0.288943802,0.189194448,0.052513944
0.30819,0.436785974,0.370168915,0.288003958,0.18222343,0.053453947
0.30888,0.450689084,0.364960252,0.280602141,0.178189671,0.05126087
0.30956,0.44344392,0.36687934,0.285889287,0.176858191,0.056352199
0.31026,0.451668328,0.370717439,0.288395829,0.178933935,0.055882317
0.31096,0.436629635,0.366996989,0.2880826,0.179873937,0.060621176
0.31165,0.445128186,0.366370451,0.27511957,0.185748536,0.05752734
0.31235,0.455467421,0.362140876,0.279623449,0.179012498,0.053454419
0.31305,0.441290325,0.370639428,0.280798432,0.181479876,0.058154115
0.31376,0.440742117,0.366096547,0.288396226,0.182341554,0.059877388
0.31446,0.441055505,0.369895483,0.2790754,0.184103989,0.054512073
0.31516,0.445128585,0.36817237,0.282835172,0.18265502,0.053650556
0.31588,0.438940838,0.369112374,0.290315475,0.174117465,0.048441895
0.31658,0.450689958,0.361083942,0.27907564,0.178503853,0.054551476
0.31729,0.443993086,0.367585159,0.275159374,0.17846477,0.055452316
0.318,0.447674532,0.361123267,0.282169715,0.17607588,0.049969512
0.31871,0.448732027,0.374791399,0.286634432,0.171572162,0.053180997
0.31943,0.448771271,0.363434074,0.27418053,0.177564253,0.051888683
0.32014,0.443014322,0.35830374,0.276765399,0.179013382,0.050870514
0.32085,0.44501174,0.366254005,0.275394759,0.172551491,0.046405959
0.32158,0.448575698,0.368682223,0.274533245,0.178700238,0.054082082
0.32229,0.455625203,0.359400561,0.274768306,0.165149759,0.046406123
0.32301,0.438745831,0.367703299,0.273867629,0.164875697,0.048129398
0.32374,0.445129558,0.35650263,0.270342999,0.180345349,0.047933663
0.32446,0.436983639,0.359126664,0.274024447,0.175371671,0.048834505
0.32519,0.453824013,0.358460967,0.276178521,0.17556757,0.061210243
0.32591,0.442975814,0.366450397,0.278019286,0.168009103,0.047659765
0.32664,0.435417347,0.358147824,0.276022031,0.171063936,0.056432464
0.32736,0.437806401,0.365001514,0.273633142,0.175293673,0.050988825
0.3281,0.443406861,0.356659778,0.268346157,0.17815269,0.04750336
0.32884,0.438198203,0.362142748,0.269207837,0.173413994,0.048404203
0.32956,0.443367863,0.35728656,0.267719708,0.176547154,0.053417209
0.3303,0.439177456,0.371933781,0.266035763,0.171925948,0.056080409
0.33104,0.449751676,0.360693949,0.268189837,0.168753791,0.043939817
0.33178,0.436553671,0.353135483,0.267328324,0.171691135,0.050558527
0.33253,0.436788737,0.360302483,0.264900274,0.166991604,0.050088651
0.33326,0.443642428,0.362809029,0.269521647,0.172592063,0.057294813
0.334,0.441136049,0.35239163,0.271636558,0.175020282,0.049736347
0.33475,0.440509519,0.361908438,0.276257933,0.169889953,0.047660768
0.3355,0.442781085,0.366059851,0.265762208,0.170751634,0.051107239
0.33625,0.441253795,0.359245493,0.268856208,0.174393922,0.05772595
0.337,0.438786582,0.356778279,0.266858956,0.171456747,0.049149235
0.33775,0.440431533,0.35638673,0.272341927,0.168284591,0.050167571
0.3385,0.443564695,0.358423315,0.274613493,0.16370255,0.054123166
0.33925,0.439256799,0.361047353,0.267485827,0.158063096,0.050755193
0.34001,0.436437116,0.35372387,0.259535729,0.166248348,0.051851857
0.34076,0.436006403,0.35987262,0.269287518,0.16644425,0.054005933
0.34153,0.43827797,0.349964349,0.262473161,0.171183116,0.045233402
0.34229,0.441802769,0.34831957,0.26024093,0.169185866,0.042844517
0.34305,0.438199816,0.357405581,0.258635314,0.166366183,0.053888702
0.34381,0.439022336,0.358463081,0.265841479,0.166679577,0.042688036
0.34458,0.438904932,0.366060881,0.260671988,0.1666405,0.045194585
0.34535,0.438474222,0.364181122,0.26094622,0.16339002,0.044489731
0.34611,0.441842367,0.365042805,0.264862653,0.159865395,0.043158259
0.34689,0.437573636,0.35247142,0.25785248,0.166288291,0.051813474
0.34766,0.437847869,0.352667325,0.262826329,0.165309293,0.044881628
0.34844,0.44352666,0.352941557,0.264197138,0.169656526,0.049150534
0.34921,0.446111536,0.361792589,0.256873658,0.159121641,0.046800813
0.34999,0.438631402,0.350121964,0.261338381,0.165074576,0.058432452
0.35076,0.437339096,0.356819005,0.260241892,0.166014587,0.049777413
0.35154,0.437025876,0.351532024,0.270346155,0.156145481,0.04378549
0.35233,0.438866648,0.356897509,0.257148155,0.163312485,0.051030821
0.35311,0.440942401,0.353607867,0.259028091,0.159278737,0.043511525
0.35389,0.436986979,0.350318224,0.259145669,0.16249023,0.051931759
0.35468,0.445603031,0.352903102,0.24990318,0.162529482,0.053615877
0.35546,0.433384119,0.347929431,0.257579309,0.164722726,0.051305322
0.35625,0.43679143,0.354274002,0.262239852,0.153561227,0.050130507
0.35705,0.436439049,0.354078276,0.255464662,0.154657895,0.046018434
0.35784,0.437574879,0.353608403,0.260556003,0.158887639,0.05298962
0.35864,0.441530481,0.349143859,0.252449256,0.156616249,0.044412912
0.35944,0.438828292,0.345580074,0.251078625,0.15211254,0.043786387
0.36023,0.438632564,0.351924645,0.253311032,0.149018716,0.046841227
0.36103,0.435538741,0.359718266,0.247044968,0.161551117,0.044609
0.36183,0.440355938,0.345032056,0.255269387,0.157556534,0.054243304
0.36264,0.436596338,0.350005909,0.257031835,0.164331906,0.053538454
0.36344,0.434990726,0.345541365,0.253703031,0.160337323,0.050953756
0.36425,0.42688398,0.347773774,0.259303499,0.156264414,0.052207079
0.36505,0.437693189,0.355880703,0.256483821,0.150742456,0.046645957
0.36586,0.430134731,0.342408562,0.256758057,0.160572579,0.048604223
0.36668,0.44172721,0.344562645,0.25315511,0.158027046,0.051306595
0.36749,0.442118937,0.342291256,0.247828971,0.158222955,0.04739034
0.3683,0.428764287,0.349967388,0.250962141,0.152700998,0.050993471
0.36911,0.435422168,0.340685739,0.2501398,0.156852418,0.04801714
0.36994,0.432602492,0.341312448,0.249160807,0.155795098,0.041046136
0.37075,0.43232844,0.345659685,0.248220976,0.150978084,0.053461048
0.37158,0.427628918,0.339197806,0.254487224,0.155090342,0.041712101
0.3724,0.432563608,0.34800968,0.250022683,0.153210589,0.049897359
0.37323,0.42993975,0.349732967,0.248730382,0.147727797,0.046803539
0.37405,0.438634133,0.344171848,0.244461657,0.152897468,0.049545076
0.37488,0.434913697,0.341939624,0.250532089,0.152505927,0.049975967
0.37571,0.431349917,0.343858729,0.248848155,0.145534925,0.049662755
0.37654,0.434639742,0.344250457,0.247164219,0.147610683,0.042770078
0.37738,0.430253528,0.337984397,0.244540362,0.14921648,0.045198308
0.37821,0.435619019,0.346482965,0.241485706,0.148864104,0.042261143
0.37905,0.437968922,0.340060251,0.241485801,0.148237583,0.045315989
0.37989,0.429823016,0.337984682,0.249514407,0.148903457,0.050603152
0.38073,0.42856988,0.338415576,0.245089031,0.146632071,0.046882717
0.38156,0.439339929,0.335870045,0.246538174,0.146749657,0.048253534
0.38241,0.424692888,0.331836304,0.246146636,0.151997658,0.045081389
0.38326,0.426886138,0.344447038,0.246107569,0.150509542,0.047901255
0.3841,0.431115888,0.344172988,0.24696926,0.140757934,0.049076255
0.38495,0.434249062,0.342449892,0.238157576,0.14052305,0.045708293
0.3858,0.435110755,0.339630219,0.239567558,0.15231135,0.043554399
0.38666,0.427708957,0.332698383,0.238745223,0.146750236,0.048214949
0.38751,0.430685477,0.337202279,0.244893984,0.151724093,0.051543941
0.38836,0.433270363,0.334421769,0.247792177,0.147886169,0.052170652
0.38923,0.417722564,0.333951905,0.243288476,0.142364218,0.044847182
0.39009,0.426495278,0.332777099,0.239058919,0.138996257,0.046922943
0.39095,0.428296896,0.329957427,0.246539239,0.150392925,0.036701376
0.39181,0.433623226,0.338808469,0.239764057,0.149648917,0.050173707
0.39268,0.43358416,0.340531759,0.245442858,0.139466513,0.04187115
0.39354,0.431547757,0.339513607,0.23984258,0.146398545,0.050330557
0.39441,0.436247473,0.333051734,0.242153324,0.144597124,0.045787694
0.39529,0.432252899,0.337829777,0.233576624,0.139858444,0.045239505
0.39615,0.429707371,0.332660297,0.239333752,0.149845226,0.047197776
0.39703,0.421365652,0.344526927,0.236044119,0.141464343,0.050487607
0.3979,0.42191404,0.330976466,0.228524833,0.141151135,0.049116985
0.39879,0.427083718,0.336302798,0.240978916,0.137117399,0.049352066
0.39966,0.434094078,0.335832936,0.23537864,0.148357413,0.050605396
0.40054,0.424890762,0.330545967,0.237885201,0.144911127,0.046806639
0.40143,0.430452076,0.329880289,0.23718036,0.143070545,0.051623847
0.40231,0.424577656,0.327687236,0.237650422,0.140877492,0.044417869
0.4032,0.434290297,0.328353115,0.240822764,0.141230064,0.046062836
0.40409,0.427123483,0.332857015,0.230444545,0.143462482,0.041519974
0.40498,0.42132739,0.334893616,0.242781138,0.134494149,0.046689653
0.40588,0.4281811,0.333053035,0.236005961,0.143501848,0.04155934
0.40676,0.421640901,0.325925385,0.233068801,0.138958987,0.046219894
0.40766,0.426183966,0.337909508,0.230405788,0.13727506,0.050253833
0.40856,0.422150231,0.33101684,0.237376987,0.140055768,0.048021618
0.40946,0.428259834,0.334541654,0.239570243,0.14479465,0.045711075
0.41036,0.424343589,0.330938717,0.232795066,0.139586011,0.036586089
0.41126,0.426458519,0.324124376,0.234165889,0.13762794,0.039014327
0.41218,0.427633526,0.334463635,0.236045839,0.134886601,0.041599219
0.41308,0.421406637,0.33234891,0.235889287,0.139625482,0.042108446
0.41399,0.427281261,0.336539504,0.232129698,0.140761326,0.037291443
0.4149,0.428338778,0.326983722,0.233618013,0.136649266,0.046494962
0.41581,0.423678429,0.327610441,0.236555377,0.141975601,0.050019777
0.41673,0.434448486,0.332427651,0.232678297,0.137001944,0.045320265
0.41764,0.41999727,0.328668062,0.226764717,0.129560989,0.041247368
0.41856,0.432999646,0.32577007,0.228488015,0.136218884,0.046338724
0.41949,0.426106981,0.32909907,0.226608273,0.132576786,0.043009934
0.4204,0.428221912,0.332819703,0.229780618,0.14240692,0.042931711
0.42133,0.432686652,0.327258595,0.226334338,0.134261024,0.047553105
0.42225,0.420467755,0.33391649,0.230133299,0.138059985,0.050216326
0.42319,0.422543525,0.327337134,0.228136068,0.132694696,0.041247998
0.42411,0.422191159,0.323107584,0.219206903,0.131206589,0.046104373
0.42505,0.423248679,0.330509586,0.229624492,0.140919236,0.038859238
0.42598,0.417530918,0.320601334,0.219324605,0.128347868,0.040347554
0.42691,0.424737102,0.323029575,0.222105317,0.133987513,0.040974276
0.42785,0.419645958,0.325575307,0.228410742,0.132381918,0.040386931
0.4288,0.42093846,0.325614578,0.227470927,0.135436776,0.043755097
0.42974,0.422700923,0.326672098,0.226726927,0.137943345,0.042776117
0.43068,0.434880868,0.330157753,0.228920188,0.129327488,0.039525655
0.43163,0.422857791,0.321541898,0.225865545,0.131324933,0.041013975
0.43258,0.423680331,0.322951891,0.229938654,0.135123897,0.04618366
0.43353,0.419333294,0.322364547,0.225865761,0.129249484,0.043363998
0.43448,0.430220846,0.326515982,0.230095523,0.128035525,0.047202126
0.43543,0.42904605,0.322286435,0.22602263,0.134575932,0.03361251
0.43639,0.427166313,0.323500612,0.222654681,0.130346386,0.042894362
0.43734,0.432531816,0.32338323,0.219521712,0.138688313,0.036510824
0.4383,0.419764634,0.315080684,0.214900532,0.136495268,0.044108646
0.43926,0.414281858,0.322286871,0.219600257,0.127879414,0.047985939
0.44023,0.428733287,0.313122729,0.227824695,0.13473313,0.035101267
0.4412,0.431044042,0.317744129,0.220932035,0.124746557,0.042894908
0.44216,0.424856324,0.319584921,0.221989558,0.12795807,0.037725439
0.44314,0.424503963,0.328044341,0.217250889,0.129172249,0.041367753
0.4441,0.421566812,0.321778295,0.215684459,0.131913801,0.037725659
0.44508,0.426814828,0.316334684,0.216937801,0.136613528,0.043208656
0.44605,0.423172736,0.320486122,0.218621941,0.133872195,0.044814468
0.44703,0.42423026,0.319076348,0.209692781,0.129838469,0.03647276
0.44801,0.420627333,0.323854403,0.216076538,0.130543523,0.043718114
0.44899,0.416436953,0.317118397,0.209223042,0.137632222,0.04614636
0.44998,0.427637817,0.315238663,0.21956231,0.126901543,0.041877654
0.45096,0.424818159,0.321152459,0.217330104,0.129564772,0.043483468
0.45195,0.422311809,0.320369301,0.215019571,0.128272489,0.036316665
0.45294,0.412325237,0.322954202,0.211064173,0.135987805,0.0458335
0.45394,0.421332948,0.321466104,0.219171125,0.129055984,0.041643123
0.45493,0.416241809,0.314808426,0.220189487,0.125218076,0.040820802
0.45593,0.422703895,0.313202838,0.215489984,0.126706402,0.034123962
0.45693,0.413970555,0.31680599,0.211260443,0.122281043,0.038902019
0.45793,0.42607218,0.315983671,0.22089477,0.123064426,0.040155364
0.45893,0.423957467,0.311793293,0.215803632,0.119657318,0.036630765
0.45993,0.414636675,0.317393783,0.217331121,0.123103816,0.037335821
0.46094,0.420354656,0.318255494,0.208832764,0.126237009,0.038119205
0.46194,0.412952874,0.308033942,0.213532493,0.12373066,0.039764184
0.46295,0.421608115,0.313986904,0.2197596,0.11926614,0.041761636
0.46396,0.416947778,0.316885116,0.220073022,0.123691727,0.036787991
0.46498,0.418396941,0.311245691,0.21897656,0.118874735,0.041448558
0.466,0.420746865,0.307916913,0.209655771,0.125493478,0.043641829
0.46701,0.422979298,0.311833375,0.21556957,0.11801337,0.042036242
0.46804,0.417731509,0.312890905,0.21380733,0.133130585,0.045208599
0.46906,0.41878904,0.318178089,0.216078928,0.127608653,0.04379883
0.47009,0.419689916,0.312734484,0.210596158,0.119893566,0.04767613
0.47111,0.424350485,0.316729274,0.211966996,0.128666299,0.036788802
0.47215,0.414559735,0.320802392,0.208403238,0.126434099,0.039177892
0.47318,0.404064042,0.309601757,0.217371789,0.127139158,0.038512229
0.47421,0.418554643,0.310620124,0.207032751,0.126865131,0.042546184
0.47525,0.419063886,0.310228608,0.208951879,0.122204796,0.045953523
0.47629,0.417849936,0.310581197,0.215413969,0.126356242,0.036632736
0.47733,0.405396071,0.314497661,0.206406489,0.122949138,0.040510037
0.47836,0.413738008,0.302944556,0.206171626,0.122361803,0.04509228
0.47941,0.415539646,0.311638965,0.211028015,0.12153949,0.039687841
0.48046,0.419416949,0.308819314,0.209383268,0.127335802,0.034479219
0.48151,0.418712126,0.307527039,0.209383387,0.122205507,0.041920397
0.48256,0.423333534,0.306391418,0.206602901,0.11942502,0.044309488
0.48361,0.410057238,0.309093816,0.208482866,0.116409552,0.039179193
0.48468,0.41052732,0.306509148,0.204919111,0.122558337,0.040589198
0.48573,0.422433133,0.304864401,0.199475508,0.123380889,0.036594643
0.48679,0.414796378,0.308154253,0.209775621,0.119582153,0.045367381
0.48785,0.412838325,0.311914067,0.205271943,0.121540447,0.043761799
0.48891,0.422550986,0.307802023,0.208757612,0.117310913,0.038357361
0.48998,0.423451866,0.307058038,0.206838723,0.119425861,0.036712616
0.49105,0.417851612,0.299029649,0.203823258,0.120757541,0.041647335
0.49213,0.422708004,0.315478428,0.205272428,0.118682,0.041099169
0.4932,0.41225148,0.310896424,0.199593847,0.122715959,0.035028953
0.49428,0.409118525,0.302084766,0.207152518,0.121932811,0.035968998
0.49535,0.41491484,0.305452946,0.203040476,0.117429135,0.037222351
0.49643,0.416324847,0.305492231,0.208014359,0.122168036,0.039611445
0.49751,0.40559418,0.308664596,0.203863155,0.114139649,0.044546165
0.4986,0.413583651,0.310740383,0.206526394,0.118251936,0.042235644
0.49969,0.417108486,0.295466754,0.202571007,0.118134569,0.041060864
0.50078,0.420320014,0.302359648,0.205469227,0.123695905,0.040551862
0.50186,0.42102508,0.30584532,0.208915736,0.123108577,0.040904457
0.50295,0.418009617,0.306628713,0.201200656,0.12197296,0.042941081
0.50405,0.41190024,0.305218953,0.209895071,0.116137728,0.036988358
0.50515,0.409981355,0.305258241,0.20237581,0.121699065,0.036322704
0.50625,0.408414941,0.302125288,0.20312004,0.113474861,0.040474157
0.50735,0.422631405,0.300519711,0.197793934,0.115472323,0.042354128
0.50846,0.41166576,0.303848732,0.200143868,0.116059901,0.043803302
0.50956,0.408650298,0.30365304,0.195522704,0.115550901,0.04157111
0.51068,0.41233179,0.306668753,0.197990128,0.121347221,0.041610399
0.51179,0.411587811,0.299345311,0.199870101,0.119702481,0.037615852
0.5129,0.414838505,0.301264447,0.20351243,0.119976752,0.03232891
0.51401,0.417697565,0.301499554,0.19395667,0.115825551,0.039887586
0.51514,0.411901499,0.299619835,0.201711164,0.120407804,0.039417752
0.51626,0.411744973,0.293510462,0.197442474,0.113397671,0.037968831
0.51738,0.413037493,0.30471134,0.201711418,0.119037337,0.039496333
0.51851,0.413272603,0.296722122,0.196072008,0.119272447,0.034601028
0.51964,0.411392885,0.299620346,0.192469097,0.118959267,0.044940312
0.52076,0.410296435,0.299150512,0.198343745,0.115943807,0.039731698
0.5219,0.410766526,0.297936574,0.197678095,0.118959523,0.032643239
0.52304,0.406223693,0.303419588,0.195915868,0.114612508,0.037891273
0.52418,0.408847774,0.293589687,0.193605352,0.12130959,0.035502431
0.52531,0.410296952,0.298446086,0.195641982,0.116962574,0.038713964
0.52645,0.411628639,0.300404389,0.1982269,0.116453578,0.038635766
0.5276,0.415897587,0.293707566,0.196425511,0.120213401,0.038518406
0.52875,0.411707227,0.2928461,0.19493743,0.115043954,0.033113978
0.5299,0.403091394,0.296605924,0.195877483,0.120370316,0.029471906
0.53105,0.40755616,0.295352823,0.196660883,0.112576917,0.033584201
0.5322,0.40630306,0.297389454,0.195564437,0.119900616,0.035464178
0.53336,0.418718011,0.292885787,0.194859626,0.112538016,0.03930233
0.53451,0.405167582,0.298486294,0.190904246,0.11665031,0.031743911
0.53568,0.408457445,0.298290608,0.196935552,0.117786183,0.04051666
0.53684,0.402269749,0.298486558,0.194076751,0.114692401,0.044942264
0.53801,0.413548961,0.293238786,0.194390192,0.11148113,0.041378522
0.53918,0.405442255,0.292103178,0.185891852,0.112147041,0.036679037
0.54035,0.416368996,0.297586197,0.194233804,0.11481029,0.042044566
0.54153,0.412883581,0.292965041,0.187184513,0.109640846,0.038167516
0.5427,0.408928204,0.293905097,0.194899849,0.110933373,0.038637611
0.54388,0.409398299,0.294218538,0.195252454,0.113204988,0.034917215
0.54505,0.405129614,0.290419815,0.192628635,0.11477166,0.040635214
0.54624,0.407205413,0.301464048,0.198777434,0.115006776,0.033703415
0.54743,0.41084775,0.29284822,0.190749058,0.112578775,0.039303926
0.54861,0.410064615,0.292613374,0.194978847,0.111012371,0.045805197
0.5498,0.409594789,0.293592596,0.186519673,0.107252813,0.042163129
0.551,0.398864135,0.292065356,0.196858965,0.109485267,0.032881523
0.55219,0.403759703,0.294336972,0.186402454,0.114028364,0.037855418
0.55339,0.40795033,0.293123041,0.193530341,0.110777933,0.044395854
0.55459,0.403290014,0.29880188,0.187029342,0.107919136,0.03660246
0.55579,0.407833112,0.289441948,0.192003238,0.11512535,0.035584346
0.557,0.405835913,0.292653489,0.18652049,0.109446785,0.043143033
0.55821,0.408264186,0.288541463,0.193844197,0.113872394,0.037386141
0.55941,0.413316409,0.294259465,0.1844451,0.110073674,0.033195786
0.56063,0.412964076,0.293711315,0.185267671,0.115517534,0.035349914
0.56185,0.406776387,0.286701193,0.185816098,0.111405509,0.039775525
0.56306,0.41225941,0.292654178,0.185894563,0.108860021,0.034801902
0.56429,0.403996057,0.290382835,0.190437664,0.111053314,0.03072904
0.56551,0.41488364,0.290500465,0.189302063,0.110035203,0.034919671
0.56674,0.40732523,0.294025316,0.187774827,0.111797698,0.03785707
0.56796,0.404779744,0.288033445,0.180647215,0.113756011,0.041812719
0.56919,0.405406498,0.289835103,0.185660277,0.109839803,0.037465713
0.57043,0.405015004,0.291636763,0.188950149,0.11081903,0.041421364
0.57166,0.406620847,0.289952874,0.186482991,0.111367459,0.035312003
0.5729,0.406699314,0.284000168,0.181666025,0.111250109,0.038210241
0.57414,0.40066828,0.287094222,0.186365782,0.11046698,0.037192131
0.57539,0.402587432,0.291637326,0.18914653,0.115049248,0.032884291
0.57663,0.407208862,0.288896024,0.187266824,0.111015551,0.031983672
0.57788,0.408266417,0.285449781,0.188872668,0.112934703,0.036879247
0.57913,0.398005731,0.284040038,0.18503479,0.104201391,0.035626158
0.58039,0.39773173,0.283531056,0.18319425,0.10662967,0.032767368
0.58164,0.402392324,0.288779103,0.182058652,0.110350341,0.045221493
0.5829,0.40219665,0.287408525,0.187776661,0.10905809,0.042166886
0.58416,0.406348121,0.289758476,0.183351333,0.110703099,0.035587567
0.58543,0.406465755,0.282787522,0.177555283,0.11113404,0.041501394
0.5867,0.398711533,0.284667513,0.190401045,0.106552059,0.036801922
0.58796,0.401766427,0.290111379,0.176850628,0.10471152,0.032024122
0.58924,0.398320186,0.286508484,0.180257995,0.107022309,0.038016278
0.59051,0.411048458,0.28392384,0.17935738,0.106435002,0.031162816
0.59179,0.394560783,0.289641851,0.182882237,0.109059099,0.043225308
0.59306,0.40869894,0.285099034,0.18049341,0.106396128,0.029400749
0.59435,0.408346614,0.281104506,0.176342228,0.110430111,0.034531309
0.59564,0.401023192,0.291874606,0.18272602,0.105926458,0.033082407
0.59693,0.405252993,0.283885404,0.18480183,0.108158922,0.03598065
0.59821,0.403412456,0.284864637,0.187073457,0.106161731,0.036920719
0.59951,0.397694737,0.283141592,0.181277411,0.101893061,0.032926193
0.6008,0.392721123,0.287958845,0.176656268,0.106397006,0.032848012
0.6021,0.400162329,0.288977243,0.177439685,0.112663308,0.035197968
0.60341,0.405214566,0.285805151,0.177635651,0.110509467,0.035080627
0.60471,0.402316616,0.28423876,0.181003857,0.114034326,0.034180014
0.60601,0.403217524,0.280635868,0.177440129,0.109334858,0.035864191
0.60733,0.407173183,0.285648941,0.182100731,0.105810294,0.035903504
0.60864,0.393309464,0.282359359,0.185429775,0.110196752,0.039075893
0.60995,0.40987576,0.285688402,0.182727644,0.104909833,0.032849051
0.61128,0.400202534,0.282712129,0.181474564,0.11560161,0.036099769
0.6126,0.396012193,0.28271228,0.183393724,0.10397021,0.031831102
0.61391,0.388257976,0.281811669,0.185469537,0.100915609,0.028737337
0.61525,0.401691197,0.281146042,0.182493265,0.103853021,0.037940903
0.61658,0.398362453,0.282556077,0.18084855,0.105850508,0.040212535
0.6179,0.39652192,0.281224669,0.173916766,0.1045191,0.036452992
0.61924,0.399850967,0.285885274,0.178734025,0.104910887,0.033476721
0.62058,0.397618801,0.2792668,0.178029234,0.112077953,0.03570919
0.62191,0.395151654,0.277739576,0.180809992,0.099702449,0.03817664
0.62326,0.400125568,0.268457987,0.177050452,0.106399555,0.039547515
0.6246,0.397775912,0.282439497,0.173565055,0.105028986,0.036845388
0.62595,0.404903816,0.282126343,0.179831364,0.111256131,0.034299915
0.6273,0.395700554,0.275821178,0.172429621,0.104246023,0.035200828
0.62866,0.400204508,0.283027411,0.175993652,0.104363668,0.038138243
0.63001,0.400361315,0.277466351,0.16961016,0.103972187,0.035122809
0.63138,0.397776681,0.278053958,0.176307267,0.104755611,0.042133225
0.63274,0.400949076,0.276683391,0.179988788,0.106635612,0.032499166
0.6341,0.402868241,0.27593944,0.175994269,0.111178729,0.034457494
0.63548,0.400401098,0.275743779,0.176111915,0.108476606,0.036768295
0.63684,0.401341176,0.27174926,0.175994579,0.106048625,0.035006094
0.63821,0.400401409,0.2796996,0.174780668,0.102680723,0.035946173
0.63959,0.399265825,0.275900899,0.173762574,0.104717379,0.038178647
0.64098,0.394370549,0.27774174,0.176504174,0.104404229,0.032774246
0.64235,0.393391618,0.283263945,0.178266686,0.103425298,0.034419267
0.64374,0.396368199,0.275705553,0.174742132,0.10076234,0.033949463
0.64513,0.397386607,0.274726624,0.172549135,0.107459451,0.035437832
0.64651,0.400402351,0.276489137,0.17658313,0.107381281,0.034615557
0.64791,0.402086539,0.276685114,0.176622452,0.111415277,0.030699369
0.64931,0.399227765,0.278055994,0.173293716,0.096611645,0.03817975
0.65071,0.396486481,0.283147404,0.174938741,0.105306094,0.032462043
0.65211,0.399384737,0.272220955,0.164286436,0.103661387,0.039276645
0.65351,0.399541549,0.27680324,0.170709404,0.106089681,0.037436121
0.65493,0.392688103,0.27860492,0.175957469,0.106089842,0.039942744
0.65634,0.391944157,0.269989117,0.178346601,0.10166453,0.034146711
0.65775,0.396291463,0.273122355,0.174782886,0.107147576,0.031405428
0.65916,0.397427363,0.280837718,0.172785709,0.104132149,0.0288208
0.66059,0.392257947,0.272456898,0.171689294,0.103231551,0.033520578
0.66201,0.397388523,0.275864281,0.172746869,0.105424867,0.03759374
0.66344,0.392689069,0.27504201,0.176075926,0.104445942,0.039473748
0.66486,0.392845885,0.271869931,0.171298144,0.098493257,0.034304332
0.6663,0.399621328,0.277078835,0.171533288,0.100843228,0.033873697
0.66774,0.397075865,0.27269269,0.180815193,0.106208786,0.03195485
0.66918,0.395666144,0.277314143,0.167617268,0.100256102,0.035988851
0.67061,0.391279999,0.278058412,0.167069143,0.105151699,0.037947187
0.67205,0.395313999,0.270304208,0.167656758,0.105895968,0.031211234
0.6735,0.401815299,0.273515777,0.171886577,0.096966862,0.032033831
0.67495,0.397507482,0.274808336,0.17639054,0.104094778,0.036302814
0.6764,0.401541484,0.271244625,0.17204356,0.106248933,0.037712864
0.67786,0.390654206,0.273007147,0.166365023,0.104055945,0.034932423
0.67931,0.391829275,0.270970811,0.169654919,0.100688051,0.037752358
0.68078,0.395275826,0.271323449,0.172592345,0.101863121,0.03489359
0.68225,0.39433607,0.270814491,0.17008605,0.103782299,0.038888432
0.68371,0.387991754,0.27379108,0.165934889,0.103234176,0.031095067
0.68519,0.405184684,0.270775661,0.166209201,0.106837383,0.036813101
0.68666,0.392848359,0.271206626,0.163663742,0.106210934,0.035873345
0.68814,0.397665633,0.271715919,0.164838814,0.103508823,0.035481878
0.68961,0.393827781,0.270580346,0.169264453,0.108913549,0.036461132
0.6911,0.398958364,0.273713592,0.174943325,0.10080688,0.031487541
0.69259,0.39226158,0.275084482,0.166836656,0.10127701,0.033445883
0.69408,0.398057942,0.273008987,0.165857738,0.101042198,0.044999275
0.69556,0.391361157,0.272695848,0.173103149,0.099280011,0.03524774
0.69706,0.39398528,0.272421874,0.169186972,0.102295768,0.036971103
0.69856,0.390499902,0.267095813,0.174826682,0.100690236,0.037754543
0.70006,0.40549968,0.268153397,0.170048909,0.105546677,0.041357752
0.70158,0.39418161,0.267566117,0.160884829,0.104567761,0.035130932
0.70308,0.388503077,0.274615711,0.167621116,0.104372114,0.026789284
0.70459,0.392654576,0.269446305,0.170989346,0.100534266,0.035092111
0.7061,0.396610258,0.268624044,0.162804352,0.102884246,0.032664147
0.70763,0.396179633,0.26662688,0.1688357,0.100808755,0.037912225
0.70914,0.389052054,0.269368494,0.168875035,0.101905504,0.039518099
0.71066,0.393595189,0.267880456,0.167269506,0.099203398,0.031176453
0.71219,0.383882822,0.265844129,0.172282603,0.099203571,0.039126811
0.71373,0.389600863,0.267802477,0.162178602,0.104412487,0.034623186
0.71525,0.38783868,0.267606832,0.170403104,0.100652967,0.03293933
0.71679,0.39806052,0.264278112,0.168327615,0.097833372,0.03458437
0.71834,0.397982369,0.271092731,0.161787491,0.104060539,0.033409642
0.71988,0.391755552,0.268899752,0.164529109,0.102846646,0.033488144
0.72143,0.395045459,0.264004494,0.165625862,0.097246446,0.029062848
0.72298,0.388152865,0.260910756,0.161827181,0.094466016,0.039872141
0.72453,0.390111214,0.268234501,0.162375646,0.097403452,0.038344942
0.72608,0.390620515,0.267686388,0.162571639,0.102651532,0.032353107
0.72764,0.395907761,0.265885046,0.166135692,0.102260075,0.035486362
0.7292,0.38306232,0.262203857,0.16637085,0.098187252,0.031335211
0.73076,0.392814201,0.2638489,0.16437369,0.100772218,0.034194322
0.73234,0.38615659,0.261342617,0.165157139,0.097639319,0.035369405
0.7339,0.392971211,0.264750016,0.163238306,0.099793487,0.032510649
0.73548,0.39579116,0.269332321,0.160222898,0.103161725,0.04089181
0.73706,0.391405032,0.266512731,0.16272954,0.105276732,0.036662336
0.73864,0.393872509,0.261813294,0.166763556,0.102143833,0.038111563
0.74023,0.391483717,0.268040465,0.166959553,0.09814934,0.032158896
0.74181,0.388859945,0.260482096,0.15991031,0.10210503,0.033764778
0.7434,0.394538828,0.266121816,0.1618295,0.09521244,0.036193093
0.745,0.391758404,0.265847853,0.16645097,0.102183719,0.038112285
0.7466,0.397280634,0.262284159,0.164101344,0.097445121,0.035449351
0.7482,0.397006672,0.266709813,0.161634227,0.097249485,0.033608849
0.7498,0.38929165,0.264281859,0.165354938,0.098150427,0.036702945
0.75141,0.390349247,0.265300292,0.162809496,0.100461254,0.037721378
0.75303,0.389683651,0.262559033,0.158031736,0.101558014,0.033217762
0.75464,0.390584593,0.261501802,0.163632295,0.092433109,0.035450263
0.75626,0.394070327,0.261697804,0.165982287,0.094626448,0.036586188
0.75788,0.392699788,0.269374027,0.163985133,0.099952863,0.032474207
0.7595,0.386982106,0.265144556,0.159011557,0.100227191,0.034510892
0.76114,0.391525255,0.264048165,0.161596532,0.097368444,0.034001952
0.76276,0.385768409,0.260797782,0.162889111,0.099914254,0.031808983
0.7644,0.391799769,0.26330443,0.168724654,0.096154747,0.037252891
0.76604,0.393875619,0.263461269,0.157837395,0.101050366,0.033023422
0.76768,0.390076948,0.261777426,0.156701841,0.095685157,0.035060108
0.76933,0.390586261,0.265106508,0.16022674,0.097761008,0.032710487
0.77098,0.388158313,0.259819627,0.159952783,0.101011763,0.038036906
0.77263,0.390273328,0.260211449,0.162067798,0.095724882,0.036039757
0.77429,0.385965535,0.261856504,0.160462284,0.095215946,0.03733234
0.77594,0.389059636,0.257352892,0.159130913,0.098427538,0.030322266
0.7776,0.386984161,0.260525322,0.160854295,0.096587043,0.038233476
0.77928,0.38776762,0.25801905,0.160149543,0.100738561,0.035648877
0.78094,0.39105754,0.258097565,0.160463039,0.096509095,0.031811045
0.78261,0.390548606,0.262484064,0.162186422,0.102579623,0.032242034
0.78429,0.385496708,0.260761062,0.155646313,0.098741793,0.036511042
0.78598,0.377742533,0.262562773,0.160855245,0.101561754,0.034670551
0.78765,0.382716484,0.255905173,0.159445551,0.09541328,0.035845645
0.78934,0.391841763,0.252537306,0.159994031,0.093259481,0.037647356
0.79103,0.390157926,0.262954981,0.161443271,0.098507577,0.040819788
0.79273,0.383970291,0.260683692,0.15349328,0.101131722,0.033653067
0.79443,0.38788683,0.257550808,0.1576448,0.096471463,0.034279875
0.79613,0.383618205,0.265853656,0.159564003,0.094591809,0.037217328
0.79783,0.384597485,0.25661127,0.161561533,0.095257781,0.039567329
0.79954,0.38878817,0.257433898,0.161170093,0.092046571,0.034045474
0.80125,0.390942356,0.263230285,0.156509834,0.093299996,0.037100419
0.80296,0.38314902,0.258765844,0.159525616,0.09306521,0.032322671
0.80468,0.381465185,0.264366415,0.164460407,0.098000001,0.032557846
0.8064,0.386948266,0.256416427,0.1608184,0.096237841,0.038589216
0.80813,0.395016137,0.258374796,0.160387798,0.09819621,0.034673065
0.80985,0.39149162,0.257709213,0.157098262,0.09361428,0.031461856
0.81159,0.388437067,0.25669116,0.161406441,0.092557064,0.032010342
0.81333,0.389847149,0.255829761,0.16085835,0.090873232,0.035143617
0.81506,0.390669779,0.25833642,0.157451325,0.089855179,0.035574612
0.81681,0.387771881,0.255438522,0.160036313,0.100077043,0.032010935
0.81855,0.383111626,0.260804114,0.161289741,0.094359374,0.035809989
0.82031,0.389064673,0.255438919,0.158705152,0.089894938,0.036319314
0.82206,0.386440919,0.256222387,0.163874929,0.089111868,0.036241185
0.82383,0.383425532,0.25602677,0.161172849,0.094947424,0.032011731
0.82559,0.38272079,0.262175634,0.158862405,0.098159029,0.036868201
0.82735,0.383269278,0.255635535,0.156512797,0.097571777,0.032834564
0.82911,0.386598373,0.254421668,0.154868131,0.089621793,0.040001679
0.83089,0.387773479,0.25081883,0.154202554,0.094634918,0.032169186
0.83266,0.393922345,0.260609899,0.156709217,0.093225235,0.035419956
0.83445,0.392277682,0.260375121,0.151344025,0.093773726,0.034245255
0.83623,0.390515527,0.25865213,0.16121342,0.092364043,0.038435947
0.83801,0.385267826,0.25489264,0.153968382,0.096593901,0.031935014
0.83981,0.387147876,0.254305392,0.160038924,0.089975479,0.034833315
0.8416,0.390555301,0.25379647,0.154399587,0.097651721,0.037261653
0.8434,0.383545244,0.257360549,0.159726023,0.095497935,0.034167944
0.8452,0.385503622,0.255089273,0.154125851,0.094323235,0.037457879
0.84701,0.390360098,0.256969325,0.15584925,0.091581998,0.040982797
0.84883,0.39133939,0.255011357,0.159100023,0.091660531,0.03644004
0.85064,0.391848721,0.253601678,0.158669431,0.097026132,0.036166102
0.85245,0.382763002,0.252309489,0.153891693,0.09773128,0.036087981
0.85428,0.389303509,0.256421861,0.15671167,0.093775977,0.035539899
0.8561,0.382880907,0.255247164,0.157690964,0.09373702,0.031349615
0.85793,0.388638144,0.253719996,0.155106382,0.098593498,0.034287083
0.85976,0.387385121,0.257714878,0.153461725,0.098280398,0.038086148
0.8616,0.38252906,0.261553106,0.160942156,0.093150193,0.036128183
0.86344,0.386484779,0.252075756,0.150015757,0.092092988,0.038830671
0.86529,0.384448489,0.256932236,0.158201132,0.095892054,0.036011111
0.86713,0.386367707,0.258068185,0.152875109,0.099103667,0.034288127
0.86898,0.386759552,0.2547395,0.151073799,0.095500838,0.037382251
0.87084,0.387151398,0.253055682,0.157105185,0.09178052,0.035502616
0.8727,0.378731464,0.25481825,0.154951406,0.086258682,0.037735145
0.87456,0.385350301,0.252781961,0.155108271,0.098556223,0.037108741
0.87643,0.385702984,0.25321297,0.15644004,0.08766899,0.037187279
0.8783,0.383157571,0.251411664,0.157693484,0.093817867,0.038049088
0.88018,0.382257024,0.251803511,0.150683436,0.092486522,0.033114704
0.88205,0.38499868,0.254036042,0.154952467,0.096442245,0.033075753
0.88394,0.383119047,0.25149063,0.1547177,0.092291131,0.032566842
0.88583,0.381748541,0.255524682,0.155618675,0.094092866,0.040634732
0.88771,0.385665102,0.253135925,0.158516985,0.094484715,0.033820502
0.8896,0.384255431,0.251726254,0.15185941,0.093075044,0.036444669
0.8915,0.380104319,0.252705557,0.15687255,0.091312904,0.034604202
0.89341,0.388093884,0.255016418,0.154836266,0.097461785,0.034761072
0.89531,0.380300569,0.253175951,0.151938386,0.088689384,0.035936193
0.89723,0.383512191,0.247693283,0.154523392,0.093154237,0.033194967
0.89914,0.391423428,0.252040645,0.154601936,0.091000463,0.035584155
0.90105,0.380340384,0.249808544,0.151625729,0.091588132,0.039422392
0.90298,0.379126534,0.248242223,0.150333552,0.089316869,0.034801321
0.9049,0.382377321,0.244365259,0.153545176,0.082267664,0.031002684
0.90684,0.375954732,0.248751787,0.152135511,0.094134414,0.033196058
0.90876,0.38057624,0.251571775,0.154642191,0.094839575,0.040715662
0.91071,0.3801065,0.248399756,0.154289942,0.092372498,0.033274825
0.91265,0.381124969,0.246559292,0.15033465,0.093508458,0.040324468
0.9146,0.385668154,0.251376621,0.153859585,0.093273699,0.037426593
0.91655,0.381086249,0.255410679,0.15233243,0.094605478,0.035977766
0.9185,0.378893317,0.249967179,0.155935691,0.097190489,0.035273046
0.92046,0.377405327,0.249889074,0.155544279,0.092608585,0.036056537
0.92243,0.381047752,0.247187018,0.156014463,0.086969269,0.032767029
0.92439,0.376113378,0.252983434,0.152842445,0.09507633,0.039425041
0.92636,0.37834592,0.250320542,0.153782593,0.094410775,0.036605495
0.92834,0.38586553,0.250751564,0.151667989,0.092922787,0.035509142
0.93031,0.377484772,0.251926692,0.151981521,0.086656856,0.034373626
0.9323,0.379795642,0.250712851,0.155976421,0.090495102,0.031397428
0.93428,0.378229328,0.250948056,0.155075885,0.090495326,0.037507153
0.93628,0.38065769,0.250791629,0.155350256,0.088968178,0.032181149
0.93826,0.382106964,0.248011248,0.153118165,0.089595019,0.036606846
0.94026,0.385671067,0.252789419,0.157230556,0.09358992,0.029322668
0.94228,0.385827948,0.248050867,0.151708735,0.090731215,0.035628215
0.94428,0.37854377,0.247933604,0.152061433,0.090848932,0.037390798
0.94629,0.37866149,0.243195053,0.149006912,0.086971978,0.0373127
0.9483,0.384497075,0.250910484,0.149046303,0.092337601,0.038879467
0.95033,0.38410567,0.250009954,0.15104387,0.089674715,0.037039014
0.95235,0.379797918,0.249461896,0.151474898,0.090614868,0.033122897
0.95438,0.376586744,0.247229808,0.15488235,0.089831829,0.036647839
0.95641,0.377566062,0.254749425,0.151122888,0.093004301,0.036922214
0.95845,0.385046515,0.243078942,0.151788898,0.088187425,0.034964272
0.96049,0.377135725,0.251146848,0.15496137,0.093004763,0.03516032
0.96254,0.387083479,0.243392714,0.150771112,0.088501197,0.039664352
0.96459,0.383519837,0.255259478,0.153473624,0.091517017,0.031401093
0.96664,0.386888127,0.25052093,0.15092823,0.094141201,0.036884211
0.9687,0.377802437,0.247466415,0.15617637,0.094572235,0.031479887
0.97076,0.379173393,0.248602389,0.152808546,0.09108692,0.033594948
0.97283,0.384656512,0.246879431,0.153866194,0.091713769,0.037159058
0.9749,0.382032795,0.248916166,0.156882016,0.089912485,0.035005302
0.97698,0.383677897,0.248015642,0.14681724,0.089481923,0.036337096
0.97905,0.380701708,0.251462263,0.153122794,0.092889379,0.034574975
0.98114,0.384774946,0.247585316,0.149441665,0.084508634,0.039548973
0.98323,0.384814346,0.245862361,0.146896276,0.089365141,0.038060998
0.98533,0.377177709,0.247311648,0.154220084,0.090070323,0.029876072
0.98741,0.381720908,0.245236221,0.152692946,0.092067897,0.039393032
0.98951,0.384031791,0.247547104,0.148855164,0.098295126,0.031521413
0.99163,0.387243435,0.245040882,0.150774414,0.089836057,0.03669123
0.99374,0.376512885,0.248056709,0.153829404,0.087486489,0.035203259
0.99585,0.376787268,0.248252765,0.152850556,0.08705593,0.038414902
0.99796,0.381330471,0.249349582,0.15007019,0.089758449,0.034733776
1.00009,0.376552769,0.245550968,0.153869289,0.093714201,0.035869759
1.00221,0.383014982,0.245551208,0.150188163,0.087683267,0.034460114
1.00435,0.381292032,0.245159816,0.149287646,0.08846678,0.035165299
1.00649,0.377101784,0.248841425,0.149992831,0.085451435,0.031170868
1.00863,0.380705066,0.247079312,0.147251631,0.090582093,0.032424342
1.01077,0.374869952,0.250800085,0.151089894,0.090699826,0.037907471
1.01293,0.386266767,0.245709079,0.151990899,0.090700071,0.038534331
1.01507,0.381254086,0.247824149,0.150346276,0.091522747,0.035832295
1.01724,0.382311745,0.246610328,0.149328272,0.088703223,0.035832541
1.0194,0.376124162,0.239169514,0.153949807,0.087959362,0.035284498
1.02156,0.377808437,0.246258347,0.149172109,0.088077099,0.040297667
1.02374,0.380197656,0.249313345,0.148584904,0.085492557,0.037125674
1.02591,0.386934019,0.249274427,0.154812142,0.091406487,0.031878015
1.0281,0.382547959,0.246768214,0.151561823,0.087764533,0.034149745
1.03029,0.38145163,0.246337664,0.147097436,0.094226753,0.035481551
1.03247,0.383919177,0.245084681,0.152228098,0.087804193,0.034972674
1.03468,0.381452129,0.248805462,0.147959531,0.087530299,0.034267982
1.03688,0.381726522,0.243205335,0.148625559,0.086394808,0.035325645
1.03908,0.379886089,0.244106345,0.150153184,0.090742203,0.040025511
1.04129,0.383176072,0.248062106,0.145962944,0.089254242,0.034229569
1.0435,0.37863336,0.244380991,0.1552841,0.086238906,0.039242744
1.04571,0.37839863,0.243676299,0.152503745,0.087100753,0.037911437
1.04794,0.386505721,0.247357918,0.152347344,0.090038266,0.033564545
1.05016,0.37687176,0.242932699,0.150193606,0.089842701,0.036815365
1.0524,0.373464792,0.244812799,0.1492931,0.090195426,0.037873032
1.05463,0.383412566,0.242541571,0.151995632,0.089138265,0.038578228
1.05687,0.381728791,0.245674902,0.147570414,0.089451827,0.033330577
1.05911,0.379810036,0.243286186,0.149450516,0.086514822,0.033369996
1.06136,0.380554397,0.244735489,0.146161039,0.08835576,0.038383175
1.06362,0.384901799,0.245558179,0.150469278,0.090353354,0.038735903
1.06589,0.384902056,0.243208628,0.148668015,0.092625092,0.032783313
1.06815,0.381064293,0.243404702,0.148942417,0.088826493,0.037796494
1.07041,0.377069876,0.24477568,0.147454461,0.086320287,0.038619182
1.07269,0.3766785,0.248496468,0.149961182,0.088983662,0.030512603
1.07496,0.378597768,0.246499389,0.14725916,0.090667949,0.039363805
1.07725,0.380242893,0.247792044,0.149021777,0.088710035,0.034664449
1.07954,0.383650375,0.243366832,0.147768806,0.084558968,0.035996267
1.08184,0.378755203,0.240155688,0.147377432,0.087535652,0.035761547
1.08413,0.381026944,0.241213362,0.147299365,0.089494086,0.03172797
1.08642,0.376445078,0.243132632,0.152508366,0.086008797,0.03262899
1.08874,0.379500092,0.241488029,0.15094209,0.090473695,0.037133052
1.09105,0.377698834,0.245404638,0.151059843,0.089690688,0.034705179
1.09336,0.381027991,0.245561554,0.151960865,0.086048747,0.036311143
1.09569,0.382986429,0.246070944,0.147731475,0.088085513,0.037486312
1.09801,0.378835365,0.242194024,0.151765575,0.089965622,0.038348171
1.10035,0.378130688,0.242155126,0.146792081,0.085070455,0.035411177
1.10267,0.381224865,0.242703678,0.147732267,0.087498853,0.036351363
1.10503,0.372687497,0.247912687,0.145539381,0.087773265,0.033688515
1.10736,0.375938329,0.246855537,0.152471579,0.083504711,0.035803607
1.10971,0.377896769,0.243174438,0.145148277,0.082251747,0.030046844
1.11207,0.379894374,0.242743908,0.145422689,0.085345929,0.036195776
1.11444,0.380717076,0.243135812,0.14769444,0.087343535,0.036000228
1.1168,0.379894911,0.241843685,0.14546239,0.087343803,0.037567035
1.11916,0.377780352,0.245407829,0.147812466,0.086678292,0.039133841
1.12154,0.379621305,0.238397838,0.146676995,0.087226851,0.036314342
1.12392,0.381579748,0.236870733,0.154196651,0.085543091,0.035883814
1.12631,0.379935154,0.243254649,0.145228488,0.088637276,0.037803095
1.1287,0.379230483,0.238359488,0.14816602,0.087736789,0.038664963
1.13109,0.379034937,0.243098538,0.14205679,0.082919953,0.037803638
1.13349,0.377116199,0.241806416,0.146874169,0.08151034,0.038195544
1.1359,0.375667425,0.239339391,0.141469884,0.083116316,0.034984414
1.1383,0.376920928,0.242590231,0.14942034,0.083978185,0.031146666
1.14073,0.380563406,0.241415603,0.150791338,0.088364769,0.038157203
1.14314,0.383030979,0.242786599,0.149616708,0.081903071,0.036120976
1.14556,0.380642281,0.239732122,0.146170596,0.087817029,0.038706039
1.148,0.381151683,0.24470616,0.144917642,0.085115026,0.03287096
1.15042,0.377862227,0.242239136,0.147385216,0.081551426,0.033262869
1.15286,0.378058321,0.242709375,0.148012108,0.090990098,0.031774934
1.15531,0.377784455,0.24776174,0.152477022,0.084685058,0.034829963
1.15776,0.380526176,0.243610691,0.147033578,0.084607009,0.031971308
1.16021,0.379899838,0.242475228,0.148561231,0.084098162,0.034869682
1.16268,0.374613051,0.247253452,0.149658089,0.087505665,0.036436502
1.16515,0.379156293,0.243102404,0.147935176,0.083746252,0.031188877
1.16761,0.377276726,0.242671885,0.145468157,0.084216492,0.034322234
1.17009,0.384287269,0.241183955,0.145781747,0.08394263,0.034988295
1.17257,0.378765501,0.245531381,0.148875942,0.081867247,0.031346373
1.17505,0.37614183,0.24357349,0.146448089,0.08785954,0.037182012
1.17755,0.379510172,0.236641839,0.146252554,0.085744996,0.033109294
1.18004,0.374575858,0.241302575,0.150599982,0.087468471,0.034284481
1.18255,0.38064648,0.245297534,0.151187719,0.086685487,0.03624294
1.18505,0.380333456,0.241733942,0.146958349,0.087586531,0.03213106
1.18756,0.386090771,0.248940305,0.146958634,0.084297084,0.036243509
1.19008,0.378649998,0.241969494,0.147311391,0.085354784,0.035499689
1.1926,0.375203899,0.240442405,0.14915236,0.083788531,0.031191993
1.19512,0.383546004,0.246552192,0.14558877,0.084376269,0.040630675
1.19766,0.384290398,0.244555143,0.142808452,0.089820279,0.035030587
1.2002,0.382136695,0.242793075,0.146372616,0.085982548,0.034678404
1.20274,0.381941167,0.237819603,0.14598127,0.081126566,0.035383635
1.20529,0.379434994,0.247219125,0.143984222,0.088842059,0.036597992
1.20785,0.37916114,0.241344895,0.144806946,0.08308532,0.032407792
1.2104,0.381746218,0.242833396,0.147157043,0.085278763,0.036598572
1.21296,0.384135481,0.242207072,0.147470642,0.081950159,0.034366545
1.21554,0.381629312,0.242364019,0.142183867,0.087668319,0.03675581
1.21811,0.378300708,0.241541877,0.145238908,0.08292983,0.036756101
1.22069,0.380807463,0.241033045,0.144651749,0.083321758,0.034759057
1.22327,0.380611939,0.241894934,0.14214558,0.087355888,0.032409542
1.22588,0.373641137,0.244519182,0.146179713,0.084967212,0.036796146
1.22846,0.383471461,0.243422898,0.149822209,0.084105909,0.038245488
1.23106,0.380064534,0.241034222,0.143086387,0.086925974,0.037188369
1.23368,0.378889928,0.240642885,0.147629648,0.086260493,0.032097416
1.23629,0.384138129,0.238841661,0.145240972,0.084380942,0.033194289
1.2389,0.380261241,0.240291006,0.140150017,0.084890363,0.036092682
1.24153,0.385313628,0.241857843,0.147199741,0.084538191,0.031510855
1.24416,0.382415829,0.244051296,0.14653426,0.084068528,0.038090616
1.24679,0.380497118,0.243973268,0.148414405,0.085322058,0.032882174
1.24944,0.376385255,0.245579271,0.146221552,0.080779396,0.035976389
1.25207,0.379126996,0.245344588,0.145046946,0.083012012,0.037347408
1.25472,0.385158471,0.242838427,0.142188314,0.083325621,0.034997901
1.25739,0.377051936,0.243426182,0.14912055,0.085558241,0.0378963
1.26005,0.38249596,0.241977436,0.147123516,0.08269961,0.030142236
1.26271,0.380733906,0.239079641,0.145988077,0.082347441,0.035547096
1.26539,0.380695047,0.242448003,0.143873554,0.085010861,0.032649304
1.26806,0.377327291,0.240215989,0.143325568,0.083875423,0.032218809
1.27075,0.377758395,0.23994215,0.144657431,0.085873065,0.036213787
1.27344,0.375487219,0.246717736,0.14152466,0.089163102,0.034138429
1.27614,0.384847594,0.241626791,0.145402149,0.083484706,0.030731514
1.27884,0.381284026,0.242606184,0.144736677,0.081683493,0.036136379
1.28154,0.376623879,0.243585577,0.145363599,0.087479992,0.036998282
1.28425,0.377838254,0.244956606,0.14552056,0.083328973,0.033904676
1.28698,0.383556431,0.242254637,0.143131899,0.081880234,0.034531601
1.28969,0.381402747,0.243821483,0.145051216,0.083368753,0.037547495
1.29243,0.381559712,0.243625977,0.146422248,0.081450054,0.036137921
1.29515,0.383283214,0.239827429,0.146187576,0.085954162,0.036412375
1.2979,0.384889228,0.241276789,0.144425532,0.084740407,0.03453284
1.30064,0.377370153,0.244605995,0.148851315,0.083017525,0.035355584
1.30339,0.37596058,0.23955422,0.140470645,0.085093501,0.036569964
1.30615,0.387239972,0.242922591,0.145092247,0.083370621,0.033633016
1.30891,0.379564246,0.243941155,0.144426782,0.085603253,0.036374773
1.31169,0.38034783,0.238850219,0.14423128,0.081491404,0.037236684
1.31446,0.381170578,0.242727718,0.143213345,0.084350652,0.034143085
1.31724,0.384734769,0.24292385,0.140942179,0.084820929,0.033399295
1.32002,0.379056382,0.241866752,0.1416866,0.082549763,0.033360447
1.32281,0.378665064,0.242415358,0.14059034,0.084077456,0.033243274
1.32561,0.38023192,0.239282598,0.145446927,0.082628724,0.032930283
1.32841,0.383561133,0.243630061,0.144233178,0.085252995,0.032343149
1.33123,0.384227232,0.242690457,0.140787113,0.083451795,0.034105825
1.33404,0.383326791,0.236542112,0.141962336,0.084000403,0.033753673
1.33686,0.378392514,0.240106307,0.139260376,0.083569925,0.025020539
1.33969,0.383679904,0.244414611,0.145566017,0.086859978,0.03246192
1.34253,0.378784793,0.241790981,0.14208079,0.085176271,0.031796463
1.34536,0.383210586,0.239206513,0.146154112,0.085959861,0.034499064
1.3482,0.379725359,0.241909114,0.139927442,0.082552961,0.032462885
1.35105,0.377454202,0.237797274,0.1448232,0.080281804,0.033324806
1.35391,0.377297873,0.244220408,0.146037592,0.081496197,0.031719428
1.35678,0.385483363,0.242810848,0.144079744,0.084786253,0.030818994
1.35964,0.382428937,0.24108798,0.143140146,0.084629924,0.032816656
1.36251,0.378591243,0.244025566,0.141260625,0.085061048,0.035793405
1.3654,0.383408678,0.242576846,0.142749165,0.081145029,0.03113328
1.36828,0.379727639,0.238073374,0.143806906,0.083456001,0.034579993
1.37118,0.379492987,0.240775982,0.146274533,0.083573821,0.030663975
1.37408,0.38348799,0.2413246,0.143102621,0.085845631,0.035755555
1.37698,0.385720637,0.240032534,0.143024623,0.088509076,0.031917864
1.37989,0.384467736,0.244654154,0.143416588,0.083065683,0.033171425
1.3828,0.381139172,0.239367416,0.144161025,0.084985024,0.028315486
1.38573,0.383097677,0.240229345,0.14498379,0.082518058,0.029059924
1.38865,0.381022345,0.244067697,0.138561313,0.087570477,0.028472804
1.39159,0.380396064,0.237410241,0.143731225,0.082518724,0.031880359
1.39453,0.383451147,0.240778632,0.146316347,0.078876854,0.032272327
1.39748,0.381493309,0.239721554,0.1379357,0.083733459,0.031411066
1.40042,0.378282239,0.24144508,0.143497246,0.084321245,0.031293909
1.40339,0.381650634,0.243795225,0.139933707,0.08373413,0.027338736
1.40635,0.386585567,0.244069706,0.146709323,0.084321918,0.035602564
1.40933,0.381494654,0.240623658,0.145025632,0.080210092,0.036699479
1.4123,0.384353924,0.244305361,0.142519507,0.079740468,0.0340367
1.41527,0.380986203,0.244188208,0.144752162,0.083265517,0.030394835
1.41827,0.381378179,0.234906807,0.142637676,0.085067377,0.029063618
1.42126,0.38502072,0.246225388,0.143852082,0.081347187,0.027419091
1.42426,0.380987224,0.239450449,0.146985501,0.082326615,0.033450606
1.42727,0.382671594,0.242544704,0.143813601,0.082640263,0.033098476
1.43029,0.379382206,0.239451133,0.145302156,0.083658856,0.033842925
1.43331,0.383533876,0.240078092,0.145889951,0.082640949,0.030631863
1.43634,0.38059696,0.247480331,0.141308169,0.078450802,0.033021179
1.43938,0.380949776,0.245796647,0.144128284,0.085539735,0.036272092
1.44241,0.383534909,0.240118288,0.145264368,0.082720309,0.033922628
1.44545,0.38799989,0.242546768,0.142249126,0.083856395,0.028087616
1.44851,0.379697581,0.243369548,0.144403464,0.081506934,0.033766666
1.45156,0.3800504,0.243683203,0.141192406,0.083269637,0.03282709
1.45464,0.384632874,0.244192677,0.143855871,0.082055918,0.035686372
1.4577,0.382870865,0.239728389,0.145266103,0.080137255,0.028284823
1.46078,0.38314536,0.238984633,0.144169876,0.080764221,0.034355511
1.46386,0.383106546,0.245799426,0.13868734,0.083584341,0.033768409
1.46695,0.382284463,0.245173161,0.142486547,0.080020815,0.033729595
1.47005,0.389060095,0.242275416,0.142212755,0.08096109,0.027620446
1.47315,0.38580988,0.241688316,0.146325271,0.084368664,0.031850453
1.47626,0.381110616,0.247171555,0.141743498,0.081314266,0.030832556
1.47938,0.387729596,0.247446053,0.139707352,0.080022226,0.029227207
1.4825,0.381346305,0.244587474,0.140530138,0.079787599,0.030089158
1.48564,0.38075921,0.244509504,0.142645323,0.07982712,0.029462899
1.48876,0.387339027,0.238478684,0.143389783,0.084292109,0.030168196
1.49191,0.384245471,0.239771436,0.142959342,0.080141139,0.032479198
1.49506,0.384989934,0.245254679,0.142685555,0.083744535,0.029346478
1.49821,0.380016531,0.242944392,0.140531922,0.082569989,0.033654817
1.50137,0.383306621,0.243571366,0.142568781,0.079985558,0.02930803
1.50454,0.381622951,0.243885033,0.142020852,0.083549794,0.033498882
1.50771,0.388163611,0.24768425,0.143587751,0.081944452,0.030287837
1.5109,0.38655827,0.243650775,0.144919671,0.081239871,0.031345613
1.51409,0.381937343,0.242554559,0.145389995,0.085313234,0.03197259
1.51729,0.383935043,0.241771653,0.145390358,0.078225009,0.032912877
1.52049,0.38193807,0.244043498,0.139986163,0.085431452,0.028605259
1.52369,0.378805356,0.244866294,0.146683479,0.079361477,0.030289651
1.5269,0.386834231,0.247608101,0.144099054,0.081280851,0.034597997
1.53013,0.385150569,0.241577294,0.142180411,0.082926084,0.033305969
1.53335,0.381704548,0.242165111,0.140849218,0.081712381,0.032053103
1.53659,0.382527349,0.244123652,0.145470875,0.082770163,0.032249289
1.53982,0.382253572,0.243066606,0.142494819,0.082339732,0.031466386
1.54307,0.390086635,0.240912984,0.142847659,0.080891052,0.029195274
1.54634,0.381431879,0.244986355,0.141751453,0.080499789,0.032759521
1.5496,0.384487,0.241579504,0.140537755,0.079560235,0.032329092
1.55286,0.387620447,0.245026259,0.143788693,0.082302048,0.031115395
1.55614,0.383821963,0.246436516,0.145316441,0.083124853,0.030802459
1.55942,0.38726872,0.243147156,0.14257537,0.083399369,0.030646177
1.56271,0.386250844,0.245732319,0.141361676,0.082694801,0.029549974
1.566,0.380729168,0.246672616,0.141557867,0.08152027,0.029002059
1.56931,0.384567564,0.245223943,0.140696646,0.081442319,0.032487983
1.57261,0.380612428,0.245537626,0.142655195,0.082891742,0.032566685
1.57594,0.388367173,0.245420514,0.144261275,0.083244591,0.030295582
1.57925,0.380652345,0.2428361,0.143830852,0.084850669,0.031196717
1.58259,0.381435993,0.242523171,0.142734654,0.079994777,0.033546904
1.58592,0.382611275,0.245264992,0.145476474,0.086457128,0.032411541
1.58926,0.381945875,0.247341035,0.142226286,0.079564736,0.032451084
1.59261,0.387154997,0.24479579,0.141717541,0.085792109,0.034527129
1.59598,0.382847398,0.249104154,0.14348028,0.082071961,0.028261356
1.59934,0.384453482,0.246715564,0.141287507,0.078625958,0.032608883
1.60271,0.389388461,0.243622032,0.142071159,0.079918734,0.034449948
1.60609,0.384845883,0.244640666,0.141484091,0.081485657,0.028849956
1.60948,0.38747022,0.244523561,0.145479149,0.081877677,0.029790264
1.61286,0.385864901,0.247147896,0.139330868,0.082857147,0.028615743
1.61626,0.385512816,0.245738397,0.141681062,0.083640802,0.034255668
1.61968,0.383398376,0.248206084,0.148104259,0.083053738,0.031514614
1.62309,0.384769485,0.246796586,0.142425943,0.0805085,0.027676981
1.62651,0.387902951,0.246366177,0.145481082,0.083720293,0.031867861
1.62994,0.382381291,0.24754147,0.144267404,0.085718019,0.029675096
1.63338,0.385044797,0.249930831,0.145168554,0.079961379,0.031281188
1.63681,0.381481312,0.246798144,0.144503165,0.082938193,0.027326068
1.64026,0.385593867,0.242921352,0.144151085,0.08199866,0.031986911
1.64373,0.386181713,0.249579535,0.140430949,0.084309699,0.033005555
1.64719,0.384341423,0.247895899,0.145992555,0.083370169,0.031086939
1.65065,0.38563421,0.243940782,0.147363669,0.079728359,0.03151813
1.65414,0.389433463,0.248601631,0.146110834,0.082900996,0.035356546
1.65761,0.388963895,0.247074649,0.143017314,0.079689986,0.034691161
1.66111,0.384577984,0.245547671,0.143957634,0.08474247,0.03336
1.66461,0.382581044,0.247858713,0.140394156,0.079847434,0.03238131
1.66811,0.385244556,0.246331734,0.145015842,0.083215889,0.030071062
1.67164,0.384696669,0.245000577,0.144467954,0.084900319,0.033008723
1.67515,0.386459424,0.246724169,0.142236036,0.079104525,0.030737641
1.67869,0.390102028,0.249779321,0.144037956,0.085919369,0.032539562
1.68221,0.387478475,0.246215845,0.14317676,0.080671864,0.029916009
1.68576,0.387713859,0.247234498,0.144352067,0.084745268,0.031169643
1.68931,0.388223387,0.247548209,0.142785931,0.081612594,0.03234495
1.69288,0.385795657,0.250133403,0.147877587,0.078675739,0.031248778
1.69644,0.387636744,0.250016316,0.141690163,0.084198192,0.033520664
1.70001,0.386227264,0.248998471,0.143531251,0.083728635,0.030544645
1.70359,0.385287748,0.246884051,0.144275764,0.08314159,0.033051514
1.70718,0.384387395,0.246414496,0.14686096,0.080596371,0.031877017
1.71078,0.389283238,0.248960531,0.141026012,0.085413887,0.030702522
1.71438,0.386346386,0.246728621,0.141966343,0.083338631,0.02991966
1.71799,0.385171892,0.25225108,0.142280061,0.078482771,0.031369119
1.7216,0.389519447,0.248139326,0.142867923,0.081733749,0.033131885
1.72522,0.39496358,0.24907966,0.143808257,0.083418189,0.032074882
1.72886,0.389128636,0.248335967,0.142516276,0.084397689,0.029764651
1.7325,0.387484183,0.250020409,0.142829997,0.078131947,0.030156698
1.73615,0.388776993,0.247122728,0.141498854,0.080403843,0.033681825
1.73981,0.384547753,0.247867249,0.147882914,0.084320605,0.034152202
1.74347,0.390148544,0.248572606,0.143692838,0.082911135,0.035327521
1.74714,0.388856567,0.249747927,0.142870822,0.084634745,0.032469005
1.75083,0.388739495,0.245479528,0.142910405,0.08447851,0.033017712
1.7545,0.385724324,0.250101233,0.145417283,0.083930637,0.031804061
1.7582,0.388622841,0.252373134,0.145535193,0.08283448,0.035603337
1.7619,0.390777252,0.250258727,0.141462612,0.083422352,0.034272199
1.76561,0.388349537,0.249867514,0.144282803,0.080994638,0.03031711
1.76933,0.388271634,0.249672119,0.14353912,0.084833081,0.031884072
1.77305,0.387057988,0.252531474,0.145301898,0.0811913,0.030631263
1.77679,0.387293393,0.253432658,0.144519053,0.082758263,0.031924081
1.78052,0.390426894,0.251239928,0.145537727,0.084207736,0.029261389
1.78428,0.390348994,0.246736556,0.141856788,0.087928692,0.030867519
1.78803,0.389409496,0.249360933,0.144363675,0.084600222,0.034823454
1.79179,0.390114866,0.2550009,0.145617333,0.086480496,0.029380159
1.79556,0.385963966,0.255001328,0.143307116,0.081977125,0.034706819
1.79934,0.389959069,0.251007083,0.145579026,0.081429265,0.034080632
1.80313,0.385142392,0.250811696,0.145461966,0.086951744,0.032162052
1.80693,0.388315065,0.253201099,0.144600802,0.084876513,0.031614196
1.81072,0.394385833,0.252261606,0.14695104,0.083937019,0.031183827
1.81454,0.392584746,0.252888655,0.145463261,0.084172433,0.033847376
1.81835,0.396070728,0.252066655,0.146560271,0.084916972,0.029774809
1.82218,0.392350633,0.251362147,0.146364889,0.086248965,0.029971061
1.82601,0.394230914,0.253751553,0.145229582,0.084056245,0.03228214
1.82985,0.38847432,0.248817392,0.147579826,0.083978354,0.030167748
1.8337,0.391842815,0.252734176,0.146170378,0.084448752,0.034437003
1.83756,0.387456945,0.2516772,0.145348384,0.083156796,0.031735162
1.84142,0.393096922,0.255006533,0.146602053,0.083353051,0.031383129
1.8453,0.389024362,0.256377695,0.142686147,0.082883531,0.034281666
1.84919,0.389377275,0.257513877,0.142647424,0.083549751,0.034047127
1.85308,0.392628285,0.25481204,0.145820107,0.082492779,0.029778751
1.85697,0.393255341,0.253050124,0.146877962,0.08351147,0.033421394
1.86088,0.388673659,0.254147146,0.141747991,0.081867048,0.031659482
1.86479,0.390162315,0.252581051,0.145664782,0.081632512,0.03271734
1.86871,0.39501903,0.257124458,0.142688804,0.083434476,0.034636795
1.87265,0.397095141,0.252425289,0.146723088,0.083474087,0.032874886
1.87659,0.39294426,0.256498737,0.145274487,0.08241712,0.035499285
1.88054,0.386208593,0.249723906,0.146528167,0.086177262,0.033698214
1.88449,0.392279378,0.255912182,0.145432038,0.086099383,0.031427181
1.88845,0.389068424,0.254855218,0.14625492,0.081752688,0.031231814
1.89242,0.395452519,0.255521447,0.145002139,0.087745149,0.035070284
1.8964,0.390675028,0.252584639,0.14363187,0.086414043,0.034835755
1.90039,0.389343923,0.251762659,0.147313689,0.08171488,0.033113015
1.90439,0.391145897,0.256071095,0.145982585,0.08077541,0.033622594
1.90839,0.391890457,0.25755976,0.146492164,0.082381567,0.034484645
1.9124,0.393770758,0.254897099,0.145278552,0.085632589,0.032409436
1.91642,0.391969695,0.251059536,0.145631479,0.084653959,0.031665786
1.92046,0.392126807,0.254584707,0.146689352,0.083362023,0.032136207
1.9245,0.399881633,0.257639916,0.143830877,0.086808867,0.035269743
1.92854,0.395456619,0.258541134,0.147199394,0.084302863,0.032959557
1.9326,0.393694724,0.258619922,0.147043201,0.084969103,0.032725037
1.93666,0.391188723,0.253607459,0.145320469,0.083872987,0.031589757
1.94072,0.397102868,0.256975978,0.147083286,0.085087516,0.033039266
1.94481,0.393343639,0.255135759,0.144029,0.083325624,0.032843913
1.9489,0.392834978,0.256076147,0.143520339,0.083404415,0.032491906
1.953,0.393892857,0.259131362,0.147476314,0.084658111,0.034528871
1.9571,0.395185717,0.255920424,0.147555107,0.083287855,0.03433352
1.96121,0.394285423,0.255881726,0.146654813,0.08281836,0.032806611
1.96534,0.398006422,0.255647214,0.146341974,0.085677762,0.029008223
1.96948,0.390252525,0.258937416,0.150219628,0.082505991,0.034256598
1.97361,0.394560975,0.256392259,0.147165346,0.086501134,0.035001173
1.97776,0.393425706,0.258899192,0.146108403,0.08407347,0.034884153
1.98191,0.396715908,0.256001567,0.15057351,0.08575797,0.033357249
1.98609,0.392447564,0.255062117,0.146500983,0.083761107,0.032926925
1.99025,0.394406211,0.257138254,0.147402216,0.085445609,0.03057759
1.99444,0.39558159,0.258587777,0.147755162,0.082038862,0.032457911
1.99863,0.395464575,0.258000801,0.148656398,0.085720704,0.03226257
2.00283,0.398558966,0.259215346,0.147873606,0.088070989,0.034652019
2.00704,0.400165145,0.256787688,0.146581688,0.087444851,0.032655159
2.01126,0.393507835,0.258158888,0.144075705,0.086113772,0.032303167
2.01549,0.399343673,0.26031336,0.146230177,0.085761782,0.030267147
2.01973,0.392843018,0.262115361,0.150107841,0.083373291,0.032969908
2.02396,0.394645017,0.260157667,0.148580946,0.084470348,0.033910311
2.02821,0.396995308,0.259884005,0.146035803,0.083217599,0.032696725
2.03247,0.397387426,0.257730498,0.147172027,0.086977776,0.033911277
2.03675,0.395586393,0.264310447,0.150148937,0.083923512,0.033245984
2.04102,0.399973185,0.259885459,0.147329651,0.083649852,0.031679929
2.04531,0.398681278,0.260747542,0.149288311,0.086665926,0.034186878
2.04961,0.394647928,0.26176628,0.149092982,0.084825731,0.031602577
2.05393,0.392611919,0.262628368,0.151404118,0.085452837,0.036576829
2.05824,0.398721909,0.263412126,0.149642251,0.086393249,0.031564394
2.06256,0.397116697,0.26176775,0.149603577,0.087607807,0.034384653
2.06689,0.398057112,0.259418434,0.14983905,0.086198414,0.032152828
2.07124,0.401308174,0.261142121,0.147803044,0.086003091,0.033759024
2.07559,0.400055436,0.263218278,0.148430152,0.083066323,0.031566363
2.07995,0.399468479,0.261534744,0.147608214,0.084241723,0.034112483
2.08431,0.403385321,0.263963374,0.14682544,0.08788442,0.03164568
2.0887,0.397628789,0.262671477,0.151290573,0.084673514,0.027651504
2.09309,0.399509134,0.26294612,0.146473966,0.088081234,0.032273292
2.09748,0.399117998,0.263338253,0.148119329,0.084909492,0.032430444
2.10189,0.402917355,0.262829629,0.150587129,0.086437368,0.03305756
2.1063,0.395202652,0.264670812,0.147728696,0.085693762,0.031765666
2.11072,0.398022924,0.265141276,0.150079006,0.088670687,0.02839811
2.11515,0.399159167,0.262282846,0.149217912,0.084559026,0.033568191
2.1196,0.398141422,0.265612245,0.150119177,0.08510782,0.035252725
2.12405,0.398611889,0.264281192,0.14863147,0.084990834,0.030475287
2.12851,0.402802886,0.261226948,0.148514486,0.086636206,0.032786437
2.13298,0.398926209,0.2655746,0.150355676,0.088790704,0.031337896
2.13746,0.397516834,0.264556859,0.150826147,0.085305664,0.035489732
2.14195,0.399240536,0.263029993,0.149573426,0.083504655,0.033492906
2.14645,0.402726595,0.263617955,0.148359868,0.082447751,0.029420415
2.15095,0.397870836,0.262952687,0.150866841,0.085150541,0.03071332
2.15546,0.40445081,0.261974113,0.149653286,0.088127477,0.032515352
2.16,0.403119768,0.265107705,0.15145532,0.085269059,0.031301799
2.16453,0.405078456,0.263854989,0.150633402,0.082723948,0.036746036
2.16908,0.403825741,0.2651479,0.148793235,0.086719138,0.032281917
2.17362,0.401672265,0.263386059,0.149616183,0.08668049,0.03271323
2.17819,0.402573544,0.267146271,0.149185904,0.087111807,0.035024394
2.18276,0.395485475,0.267851732,0.151888702,0.085114989,0.031539364
2.18735,0.399989795,0.264131724,0.147816223,0.085820452,0.035025434
2.19194,0.402849249,0.264367225,0.150479859,0.085507666,0.030717973
2.19654,0.40429882,0.267226681,0.150754526,0.084450774,0.032872486
2.20115,0.401087938,0.26616979,0.15008927,0.086017836,0.031619778
2.20578,0.404064888,0.26542621,0.149815652,0.085744217,0.03338266
2.2104,0.400227392,0.266954109,0.152283474,0.085705578,0.03107254
2.21505,0.401559478,0.267228782,0.15079579,0.083630442,0.035106905
2.21969,0.406181294,0.266093568,0.148524836,0.083748459,0.033697547
2.22435,0.399680687,0.26601577,0.15377327,0.087508681,0.031779066
2.22902,0.402344333,0.267896146,0.150131597,0.083083739,0.032719519
2.2337,0.403010643,0.266290975,0.15060209,0.083593396,0.032641723
2.23839,0.406731705,0.268484662,0.154558132,0.086374534,0.033308034
2.24309,0.404460757,0.266174551,0.149624069,0.087706626,0.032094501
2.2478,0.400192473,0.267859114,0.14958544,0.088255448,0.029549409
2.25251,0.40450099,0.266998053,0.153384831,0.085906175,0.032252224
2.25724,0.403209133,0.267977676,0.152367118,0.087003289,0.031547818
2.26198,0.402387238,0.267429926,0.149665377,0.085437289,0.032762424
2.26673,0.403092719,0.272090918,0.151780743,0.084850376,0.032762963
2.27148,0.40277995,0.267940129,0.152368734,0.088453954,0.030452857
2.27625,0.403446271,0.27052546,0.150685247,0.08579138,0.029944274
2.28102,0.404386736,0.269938549,0.15139073,0.087750094,0.033312873
2.28581,0.404700587,0.270056583,0.152879486,0.087554821,0.031590225
2.29061,0.402938776,0.270057128,0.154250752,0.082620769,0.033470616
2.29541,0.402900157,0.270527634,0.151431527,0.088339179,0.03437192
2.30023,0.400942531,0.26994073,0.153703556,0.08532414,0.031748516
2.30505,0.408579955,0.270254585,0.150884333,0.0823091,0.034921303
2.30989,0.40572157,0.272330797,0.15119819,0.086578467,0.035391814
2.31474,0.405408814,0.270373175,0.153431059,0.085364951,0.033120884
2.3196,0.406114307,0.270177909,0.154645677,0.088185271,0.031398242
2.32446,0.406193186,0.271666672,0.152178931,0.088538295,0.0321429
2.32934,0.407564461,0.269395745,0.157192409,0.08595406,0.034023301
2.33422,0.405411025,0.273547627,0.154529847,0.0869337,0.033123095
2.33912,0.405254927,0.272451606,0.152768047,0.08697342,0.031478785
2.34402,0.404942175,0.270219844,0.156332478,0.086582341,0.035317361
2.34895,0.403728668,0.273392645,0.153395778,0.087679478,0.034534652
2.35387,0.408154698,0.271278376,0.153474663,0.086270151,0.032420382
2.35881,0.406432066,0.271905552,0.154845945,0.086858164,0.033713338
2.36376,0.405649359,0.273825124,0.154611527,0.086976217,0.033635573
2.36871,0.404984141,0.274804772,0.15543452,0.083099594,0.031677961
2.37369,0.403770639,0.272768838,0.158254856,0.087603959,0.033088411
2.37866,0.406199338,0.2772732,0.153790785,0.083570686,0.033010649
2.38365,0.408667203,0.273239929,0.155122909,0.089210792,0.03352034
2.38865,0.406748761,0.275355324,0.152851996,0.085804138,0.034186687
2.39366,0.404595338,0.274494296,0.155163208,0.087449571,0.03763364
2.39869,0.405770813,0.27633555,0.157513587,0.086079421,0.032386306
2.40371,0.408238681,0.276531938,0.158101609,0.086667443,0.033992578
2.40876,0.411294005,0.274574337,0.155399903,0.086158891,0.033014065
2.41381,0.409688877,0.275788979,0.156732035,0.08870509,0.037126803
2.41887,0.409376143,0.276494495,0.15606683,0.084554337,0.03434677
2.42394,0.408985083,0.275946781,0.154148395,0.088432095,0.035248105
2.42902,0.410630526,0.275594887,0.153913991,0.089294268,0.032115605
2.43412,0.411296884,0.276496226,0.153170464,0.085926789,0.032116184
2.43922,0.410240049,0.277397565,0.155090053,0.08753307,0.035210677
2.44434,0.408634928,0.277515636,0.156813827,0.088591065,0.033292248
2.44946,0.407813076,0.276145496,0.155522013,0.089688223,0.034154425
2.4546,0.411925824,0.276694368,0.156462521,0.087613143,0.034468317
2.45975,0.407226792,0.276224991,0.15595398,0.085146429,0.032824035
2.4649,0.406992396,0.278144586,0.157873575,0.087966784,0.032628803
2.47007,0.409107811,0.277949355,0.158069979,0.090982958,0.034274255
2.47525,0.412437294,0.277088347,0.15403673,0.088907882,0.031925035
2.48044,0.412124575,0.276462321,0.158658608,0.084248018,0.032904711
2.48564,0.409422886,0.277755305,0.156701024,0.088008301,0.03458933
2.49085,0.41149914,0.28084981,0.1540385,0.087852238,0.0332192
2.49607,0.412909618,0.277717326,0.155174833,0.088871081,0.032828158
2.50131,0.407035693,0.282691681,0.158386833,0.085464455,0.033572859
2.50655,0.409033624,0.279989996,0.156625071,0.086326645,0.035335809
2.51181,0.406488595,0.279481468,0.15721312,0.089225339,0.032085838
2.51708,0.412716186,0.278737961,0.15870193,0.088168524,0.032047274
2.52235,0.412285986,0.281205857,0.156822682,0.089892315,0.032791978
2.52764,0.40974096,0.280697332,0.15713659,0.087973905,0.034829078
2.53294,0.409780726,0.280188809,0.159565327,0.085781352,0.036396219
2.53825,0.410094635,0.282069258,0.157686082,0.089933282,0.036827619
2.54356,0.41440322,0.279093437,0.160702272,0.086761644,0.033342673
2.5489,0.414756297,0.280817236,0.156355733,0.089738674,0.031620087
2.55424,0.412955384,0.279760428,0.157687897,0.089073501,0.033813847
2.55959,0.410057895,0.280426815,0.159255044,0.089974868,0.035694301
2.56496,0.411585879,0.281876472,0.158276566,0.09068042,0.034245862
2.57034,0.409119192,0.283561112,0.158159687,0.090837685,0.034285636
2.57573,0.41291866,0.281290243,0.160157636,0.089036777,0.03385545
2.58111,0.410726116,0.282622411,0.156672697,0.09087807,0.035070128
2.58652,0.412058288,0.284581199,0.160746312,0.086414049,0.031036905
2.59195,0.412333049,0.283563565,0.158945409,0.087354589,0.036011282
2.59737,0.410923779,0.283290036,0.159063515,0.09001832,0.033309618
2.60282,0.415624014,0.285287992,0.16004322,0.089079016,0.033153583
2.60827,0.410455055,0.283957052,0.160043838,0.088413855,0.034564086
2.61374,0.40982906,0.284975923,0.159143699,0.089393562,0.031470793
2.61923,0.4165658,0.282861719,0.157969418,0.089237532,0.03366457
2.62471,0.412571748,0.288188573,0.159849887,0.087945759,0.036484962
2.63021,0.406697853,0.286309351,0.159184733,0.089317105,0.033078365
2.63573,0.411985547,0.287915679,0.158480417,0.090727616,0.032922337
2.64124,0.41308275,0.286702238,0.157932754,0.088417598,0.032257184
2.64678,0.413083378,0.286311231,0.158325017,0.089318985,0.03358937
2.65232,0.414963854,0.285959389,0.158834771,0.086421518,0.033002547
2.65788,0.412693003,0.28505926,0.158443767,0.09253165,0.032219909
2.66345,0.414808464,0.285921489,0.160676718,0.091083235,0.03570609
2.66902,0.414417461,0.286627064,0.157309291,0.087794135,0.032416991
2.67462,0.414339769,0.28799842,0.162557831,0.085640779,0.032143482
2.68022,0.413400482,0.284748488,0.160482803,0.089557762,0.032927387
2.68584,0.415515947,0.287294752,0.160992567,0.088735967,0.032262246
2.69146,0.417278941,0.284162312,0.161267349,0.090812269,0.03210623
2.6971,0.412344984,0.285259529,0.160053921,0.088815572,0.032929303
2.70275,0.414303799,0.286121767,0.160524524,0.089168685,0.034065685
2.70841,0.414656913,0.289921266,0.162874975,0.090853357,0.031873173
2.71409,0.413991779,0.285496439,0.160878283,0.089757425,0.034066973
2.71977,0.415519798,0.288042709,0.16068311,0.09124628,0.034185107
2.72548,0.419045158,0.287103433,0.161114556,0.091168601,0.031992601
2.73119,0.415325278,0.287339063,0.162094292,0.087566211,0.034343058
2.7369,0.415169272,0.289885337,0.16131167,0.090347466,0.036458533
2.74264,0.414934942,0.289611843,0.16186061,0.090700588,0.033678578
2.74837,0.416267151,0.29329386,0.160255559,0.090975383,0.034345008
2.75414,0.413369708,0.290592235,0.162645184,0.092777557,0.032387489
2.75991,0.416895075,0.290122929,0.162959147,0.08937099,0.032740615
2.76569,0.418501434,0.291259325,0.162176534,0.091682291,0.02956903
2.77148,0.416700572,0.293218157,0.162020538,0.090155573,0.0351309
2.77729,0.416152943,0.291652277,0.164488495,0.092075242,0.031019395
2.7831,0.419208353,0.292279552,0.163431742,0.087258796,0.035954652
2.78892,0.416585061,0.291614433,0.166604642,0.090705841,0.030785734
2.79478,0.417564812,0.292398368,0.16922926,0.089022477,0.031647996
2.80063,0.418152928,0.29282983,0.164021183,0.091960401,0.032236112
2.80649,0.420072604,0.293378784,0.163512723,0.092391865,0.034351605
2.81236,0.417880116,0.294906826,0.163552553,0.091060973,0.030553415
2.81825,0.418076602,0.291108637,0.165002269,0.08980841,0.035762824
2.82415,0.421601984,0.293537442,0.165277084,0.091923907,0.035136878
2.83008,0.418547906,0.292402375,0.164690305,0.090984657,0.030085464
2.836,0.418078617,0.294008749,0.1697039,0.090946166,0.032710088
2.84194,0.416786896,0.296476721,0.164182525,0.092121744,0.033376541
2.84789,0.419450688,0.29526333,0.16653301,0.090751698,0.036588622
2.85385,0.419529691,0.292170092,0.166964484,0.089264163,0.029774854
2.85982,0.420705273,0.295460501,0.166730181,0.093298678,0.031851196
2.86581,0.419335232,0.295265364,0.165712611,0.088364761,0.032674309
2.87181,0.418043518,0.296910911,0.166379071,0.092908404,0.035142288
2.87783,0.41667348,0.296676613,0.167867965,0.091381712,0.032636509
2.88385,0.419415605,0.294679959,0.164618081,0.088131827,0.034517039
2.88989,0.42086534,0.293701558,0.165127892,0.091735552,0.03490936
2.89594,0.417576295,0.295190457,0.166577627,0.09208871,0.033970123
2.902,0.417851128,0.296248559,0.163836872,0.092011071,0.033814157
2.90808,0.417656,0.296758374,0.166500678,0.093225829,0.032835761
2.91416,0.418400796,0.299343853,0.168067907,0.090367586,0.034246336
2.92026,0.422200345,0.298404621,0.168264416,0.091504018,0.033816229
2.92637,0.420908644,0.298209498,0.167677658,0.092679616,0.034561029
2.9325,0.423689947,0.298445175,0.171320557,0.093306928,0.031546138
2.93865,0.418991028,0.298289219,0.165720879,0.092955155,0.031272692
2.9448,0.422908073,0.299190677,0.170656174,0.094718209,0.032604948
2.95096,0.423927022,0.30330354,0.168150411,0.094131456,0.034407166
2.95714,0.420207194,0.301541885,0.168229439,0.093231397,0.03307631
2.96333,0.421578618,0.299231943,0.168739267,0.08951157,0.034251917
2.96953,0.422871717,0.302600705,0.170189019,0.094055237,0.030962889
2.97575,0.423929836,0.300290767,0.171207975,0.092019442,0.033156749
2.98198,0.422677312,0.302837099,0.170660394,0.092490111,0.035311447
2.98821,0.42009323,0.299978873,0.169916995,0.093039107,0.033628125
2.99447,0.424206106,0.302838517,0.1712101,0.094449702,0.033237201
3.00074,0.425695028,0.301899305,0.169252638,0.094607067,0.031201412
3.00701,0.422993461,0.301508382,0.170780725,0.09382451,0.034452692
3.01331,0.424874023,0.304328867,0.170115661,0.092376177,0.035315003
3.01961,0.420410102,0.303037188,0.170782155,0.095784113,0.035472372
3.02594,0.424405495,0.303390378,0.170939528,0.093356697,0.033749898
3.03227,0.425150319,0.302921134,0.174699939,0.093474906,0.032379895
3.03861,0.42460275,0.303430979,0.172076707,0.092809847,0.035513693
3.04498,0.422684463,0.304841587,0.169531804,0.096687753,0.034691983
3.05135,0.425857427,0.301513415,0.170746595,0.096570986,0.033752782
3.05774,0.422568421,0.304725545,0.171726406,0.093242816,0.03457594
3.06413,0.427190436,0.305548704,0.175369335,0.09265609,0.032383512
3.07054,0.425311317,0.304844488,0.172119494,0.092656817,0.034773211
3.07696,0.422883911,0.306215939,0.173177637,0.092344238,0.030465958
3.08341,0.428563346,0.309584729,0.173021715,0.092540787,0.032620681
3.08986,0.425665981,0.305434133,0.174236514,0.092541519,0.031838144
3.09632,0.422925271,0.306453116,0.174746372,0.094187118,0.03176055
3.1028,0.425510796,0.307158795,0.172710608,0.09391371,0.034385238
3.1093,0.42637313,0.308843562,0.17106648,0.096499237,0.035795861
3.1158,0.426021396,0.308687645,0.171341362,0.095050925,0.034425876
3.12232,0.423594002,0.308531732,0.176120046,0.095012503,0.032585934
3.12885,0.425905388,0.308924108,0.17400596,0.094073321,0.034584012
3.1354,0.42578864,0.308141582,0.175259934,0.096110564,0.033644832
3.14196,0.426690145,0.305675028,0.175887294,0.094701424,0.03266649
3.14854,0.427043363,0.311902766,0.175927204,0.096112056,0.031923131
3.15512,0.429354755,0.30982785,0.175810461,0.094037139,0.030239849
3.16173,0.427475658,0.314019091,0.174322999,0.092510514,0.033021206
3.16834,0.426066524,0.311944177,0.176712721,0.092119629,0.033217773
3.17496,0.42837792,0.311749112,0.17499028,0.092864487,0.034080121
3.1816,0.426694644,0.309400056,0.179573159,0.096507443,0.032279355
3.18826,0.429710987,0.312768871,0.180670492,0.094471698,0.030204447
3.19494,0.427126956,0.314492821,0.175540836,0.095490707,0.03365159
3.20161,0.431357368,0.31304453,0.180202046,0.098350397,0.034200636
3.20831,0.429948244,0.312966964,0.179889499,0.092398311,0.032948166
3.21502,0.431985506,0.314220957,0.178284559,0.095140515,0.03173486
3.22175,0.429401481,0.31578826,0.180674294,0.097882722,0.032949692
3.22849,0.429793881,0.315828188,0.180283424,0.092478928,0.033224601
3.23524,0.430695407,0.314928195,0.177425257,0.096552695,0.032363771
3.24201,0.428816328,0.316769646,0.179814997,0.096240155,0.030484692
3.24879,0.427015579,0.315321367,0.179815767,0.096906704,0.032169491
3.25559,0.429679467,0.315831264,0.182048857,0.094440178,0.033775965
3.2624,0.431011798,0.317320249,0.180796399,0.095341711,0.032875979
3.26921,0.428310291,0.317595166,0.176802498,0.096713205,0.032915915
3.27605,0.431796616,0.316695183,0.180680457,0.094403336,0.034209086
3.28291,0.432228193,0.317596721,0.17981964,0.098790424,0.034014047
3.28977,0.427255211,0.317127538,0.180172889,0.093386643,0.031077565
3.29665,0.43559781,0.318420713,0.181309411,0.09413153,0.034093933
3.30355,0.430938141,0.319204766,0.180761905,0.095150563,0.035230457
3.31046,0.432662118,0.319479695,0.183269152,0.097266176,0.031902347
3.31737,0.431879633,0.320577056,0.182917465,0.096522854,0.032882218
3.32431,0.432702854,0.318032219,0.181390878,0.097698546,0.034253727
3.33127,0.430588816,0.319912855,0.180882542,0.094448768,0.032844632
3.33824,0.431921165,0.319952809,0.182489036,0.095232828,0.036565953
3.34521,0.429846293,0.320932687,0.185035452,0.095977725,0.035705147
3.35221,0.433606781,0.324340704,0.184292141,0.097388405,0.035940923
3.35923,0.434195029,0.320542643,0.184762899,0.093355364,0.035236777
3.36625,0.430710277,0.321757508,0.182257234,0.095666805,0.0312429
3.37329,0.430906893,0.321719144,0.183785408,0.096215893,0.032418603
3.38034,0.433492483,0.321719945,0.185391911,0.094493501,0.034690885
3.38741,0.43388492,0.322504016,0.183943665,0.096334986,0.033790927
3.39449,0.432436675,0.325285426,0.185745989,0.096844915,0.035005799
3.40159,0.433769039,0.324267982,0.184885198,0.096062452,0.033283412
3.4087,0.434435625,0.326775251,0.184925169,0.095514971,0.032030988
3.41582,0.43631628,0.324387087,0.182889476,0.095280798,0.033754989
3.42298,0.435455497,0.3243879,0.183203597,0.093989216,0.035126523
3.43012,0.43255821,0.326777682,0.18402684,0.095674055,0.034148247
3.4373,0.433342294,0.327248459,0.186769098,0.096379813,0.034344879
3.44449,0.433656418,0.325134447,0.185790827,0.096537283,0.035128964
3.45169,0.435302101,0.325722716,0.189238029,0.097125552,0.03375906
3.4589,0.432404823,0.326780949,0.185205011,0.094815726,0.032310831
3.46614,0.435891193,0.329679867,0.187320659,0.096500576,0.035366402
3.47339,0.434952092,0.328309968,0.188065588,0.095404822,0.03395734
3.48064,0.434992079,0.326587599,0.186774017,0.095092337,0.036190481
3.48793,0.433700512,0.331327206,0.187910585,0.096346396,0.035878001
3.49521,0.433348867,0.329878984,0.190222056,0.093566616,0.033842327
3.50251,0.436835245,0.329018217,0.186071557,0.096387215,0.036858743
3.50984,0.437110221,0.331447184,0.188774669,0.096153066,0.037172883
3.51717,0.433821322,0.329411515,0.187992231,0.097328802,0.036312118
3.52452,0.432294781,0.328159118,0.191282797,0.097172982,0.034942231
3.5319,0.437661014,0.329843985,0.188698846,0.097526291,0.03325904
3.53927,0.434528772,0.330158129,0.191284471,0.096352223,0.034513107
3.54667,0.435312882,0.330668094,0.191911926,0.096392227,0.034670601
3.55409,0.4343738,0.331804677,0.189954595,0.097098011,0.03373152
3.56153,0.438839281,0.33223632,0.192344411,0.096707222,0.036003846
3.56896,0.436216171,0.330631461,0.188898869,0.095259016,0.035965525
3.57643,0.43531626,0.331298088,0.191680323,0.095377355,0.031775882
3.5839,0.433672242,0.333648744,0.192777748,0.099020405,0.033147452
3.59139,0.438020237,0.332670507,0.192269473,0.099373726,0.036046398
3.5989,0.438804359,0.33267136,0.191173749,0.096789791,0.033070828
3.60643,0.435202174,0.331732291,0.19509095,0.098043876,0.033894114
3.61396,0.438414434,0.333064704,0.191175458,0.097222298,0.032524248
3.62151,0.43818031,0.336903581,0.192429546,0.098084751,0.035619019
3.62908,0.435674707,0.333105583,0.191177174,0.094717552,0.034640791
3.63666,0.438338684,0.336122031,0.190473093,0.098203961,0.033388421
3.64426,0.437007988,0.335809586,0.193607032,0.096990756,0.033310956
3.65189,0.438144594,0.334204749,0.192237177,0.095111775,0.034682544
3.65951,0.436500594,0.335889644,0.193882907,0.095269294,0.03413512
3.66716,0.437167242,0.335733859,0.195097844,0.095231,0.032961085
3.67482,0.438656322,0.336792141,0.19619529,0.09942236,0.032022031
3.6825,0.436542367,0.336988831,0.196822778,0.095937683,0.03503849
3.6902,0.440107117,0.336167272,0.194747988,0.097896731,0.031240508
3.69791,0.438541453,0.336755599,0.197921104,0.096409394,0.03335621
3.70564,0.438268186,0.334484995,0.196237952,0.098564262,0.033748722
3.71339,0.439013172,0.336835683,0.196003851,0.097037766,0.035159486
3.72114,0.442695418,0.336249111,0.196474692,0.09629454,0.034494587
3.72891,0.436430145,0.336171666,0.194713218,0.09841025,0.032615623
3.73671,0.438075895,0.338169888,0.195889007,0.097745356,0.032733998
3.74451,0.440857387,0.339619821,0.196868979,0.101897568,0.034379749
3.75234,0.440544968,0.338837441,0.193384319,0.097159678,0.033205734
3.76019,0.44179909,0.338172553,0.195617528,0.097473876,0.033206625
3.76804,0.439841808,0.337507665,0.191075457,0.097827239,0.034225766
3.77591,0.440038519,0.340602473,0.192290418,0.096379084,0.033012593
3.7838,0.440822683,0.339859262,0.193818689,0.098455643,0.03281767
3.79171,0.440980235,0.342014151,0.196326049,0.09798658,0.032309443
3.79962,0.438552998,0.341075125,0.190139119,0.095950977,0.031448745
3.80756,0.43992462,0.343739142,0.19523127,0.097792561,0.031371319
3.81553,0.440708795,0.344366663,0.193195675,0.100064947,0.03415283
3.8235,0.438712362,0.341508634,0.197347907,0.09665863,0.034467042
3.83149,0.442551289,0.341587868,0.195233986,0.095288815,0.032627266
3.83949,0.441377293,0.344095237,0.194569115,0.097678695,0.033293953
3.84751,0.441143223,0.343978658,0.19472668,0.095995577,0.034234787
3.85555,0.440674173,0.342491358,0.194570938,0.097719681,0.031729237
3.8636,0.441693338,0.344881244,0.194415199,0.100501202,0.034354104
3.87168,0.443417447,0.346017901,0.195904327,0.098661436,0.032827645
3.87976,0.445259047,0.343159885,0.197080148,0.099915584,0.034982553
3.88786,0.441970236,0.347077152,0.196336963,0.097214224,0.033926059
3.89599,0.444438456,0.348096324,0.200136741,0.099447464,0.03447527
3.90412,0.444282725,0.347235651,0.197200404,0.098195156,0.031538933
3.91229,0.443578711,0.349077262,0.2004519,0.098548555,0.034555448
3.92045,0.444754541,0.349156515,0.198455489,0.100742635,0.033420633
3.92865,0.444324674,0.349039955,0.199083035,0.099529499,0.03494894
3.93685,0.442210777,0.349040885,0.197830734,0.099177958,0.033226677
3.94508,0.446010568,0.348885167,0.196500111,0.097690681,0.034245862
3.95331,0.442173482,0.348886101,0.200378229,0.097926596,0.032562767
3.96158,0.444955026,0.347947115,0.197794378,0.099768217,0.033190321
3.96985,0.442841138,0.349671247,0.199557673,0.099064213,0.031350577
3.97814,0.4442128,0.350690438,0.200616028,0.098986827,0.032839729
3.98645,0.446681042,0.35339366,0.20038199,0.098321991,0.03033421
3.99478,0.447073623,0.351593087,0.198581416,0.100907726,0.034956446
4.00313,0.447466205,0.353826353,0.200501374,0.097775597,0.032333441
4.01148,0.446918864,0.352730723,0.203008783,0.098011525,0.034253398
4.01986,0.445823239,0.35335829,0.202304793,0.098599929,0.034019369
4.02825,0.446333316,0.353045934,0.202109927,0.100637381,0.034960245
4.03666,0.448174953,0.355749168,0.203834074,0.101343277,0.030966525
4.0451,0.443515458,0.354810202,0.202111839,0.100756783,0.033003983
4.05355,0.445592082,0.356534355,0.20313105,0.100013637,0.032730799
4.06201,0.446337148,0.354146343,0.202192086,0.100092924,0.034063317
4.0705,0.446925564,0.355204721,0.204464531,0.097822407,0.034651733
4.079,0.447200672,0.354539906,0.202272341,0.100799795,0.034261062
4.08751,0.450452206,0.356577372,0.203291557,0.098098482,0.033517922
4.09605,0.448260022,0.356969977,0.206856403,0.101506673,0.032853113
4.1046,0.447281905,0.356461822,0.208032277,0.097591296,0.033167391
4.11317,0.446107974,0.35900842,0.206584202,0.098806337,0.034852393
4.12176,0.447009709,0.357834491,0.208660841,0.099982216,0.033051849
4.13037,0.447010686,0.359715315,0.206742808,0.102685472,0.032387047
4.139,0.45010558,0.356974852,0.207762038,0.103038924,0.034267873
4.14764,0.446503521,0.359599784,0.20936872,0.103549029,0.032741478
4.1563,0.448462677,0.359326623,0.204905068,0.099711992,0.033721548
4.16498,0.445957201,0.360659167,0.20870491,0.097284843,0.033174245
4.17368,0.445566553,0.358897798,0.211212359,0.102298754,0.032156982
4.18239,0.449444726,0.358233008,0.208432742,0.099284156,0.033685346
4.19112,0.449641534,0.361680384,0.208433733,0.10022507,0.035292039
4.19987,0.449290056,0.361720541,0.211763621,0.099129486,0.033648167
4.20865,0.449291053,0.360272489,0.212234579,0.101206147,0.032826731
4.21744,0.45019281,0.363014929,0.21431124,0.100698018,0.033689324
4.22624,0.448431453,0.360509466,0.212354066,0.099876585,0.033611996
4.23506,0.448510781,0.365640882,0.209770278,0.103402298,0.035297026
4.24391,0.452898094,0.364192838,0.213765956,0.103089995,0.034514762
4.25276,0.450705944,0.365917035,0.215372663,0.104383393,0.034006641
4.26165,0.451960184,0.366701313,0.215765306,0.102308739,0.035182554
4.27055,0.454350166,0.363882555,0.213220692,0.102662221,0.03671094
4.27946,0.451453081,0.365802575,0.215610674,0.102114943,0.038317653
4.2884,0.450553336,0.365999408,0.217295719,0.103643334,0.034402322
4.29735,0.44816538,0.366901184,0.215651869,0.103918494,0.03522577
4.30632,0.452317726,0.365296499,0.216945281,0.10231381,0.034874317
4.31531,0.449577303,0.366394096,0.215771397,0.101492397,0.033347962
4.32433,0.452006462,0.366825919,0.215694094,0.104039046,0.035189669
4.33335,0.452124977,0.365456221,0.219846446,0.103060984,0.03233176
4.3424,0.453379235,0.369256105,0.220199944,0.101691289,0.032802748
4.35146,0.45459433,0.367142305,0.218751924,0.10443376,0.034135334
4.36054,0.453381294,0.366555884,0.217538887,0.10408232,0.034018875
4.36965,0.452089933,0.370316611,0.218753989,0.102086017,0.032610024
4.37876,0.451307698,0.37070928,0.222358062,0.102165378,0.03691904
4.38791,0.450368814,0.367420588,0.219891803,0.102518888,0.036685098
4.39706,0.453659583,0.371494626,0.223574207,0.104047301,0.035628722
4.40625,0.454130589,0.371573997,0.222361183,0.10443998,0.035629766
4.41545,0.451468517,0.370556791,0.2243204,0.104323534,0.03359431
4.42466,0.454876783,0.370401182,0.22381232,0.104128761,0.032851249
4.4339,0.453702928,0.370323904,0.224714129,0.105069733,0.03434051
4.44315,0.45405645,0.372674762,0.222796169,0.10514911,0.033166656
4.45243,0.451355223,0.371226767,0.223854636,0.104014423,0.033715997
4.46173,0.45339278,0.372011092,0.224873942,0.105777835,0.035126938
4.47104,0.454725395,0.372560438,0.224914162,0.105465584,0.03575461
4.48036,0.45300326,0.373540583,0.22569849,0.106837363,0.033719168
4.48971,0.45265185,0.373071682,0.22636533,0.104214472,0.034895133
4.49909,0.454728579,0.376871604,0.225583125,0.105116297,0.033760458
4.50847,0.454259681,0.373230465,0.226014988,0.10781964,0.03622882
4.51789,0.45437824,0.375503015,0.225115297,0.104765959,0.033135975
4.52731,0.453008589,0.373859219,0.225233857,0.105432808,0.034272786
4.53676,0.45559445,0.374486907,0.228054699,0.107274563,0.03384306
4.54624,0.453128227,0.377268589,0.224883534,0.108058908,0.033804972
4.55573,0.453951738,0.374998186,0.226921112,0.108138313,0.035372589
4.56524,0.45387449,0.374842611,0.225473143,0.104575516,0.032788879
4.57476,0.456303706,0.37629274,0.22723658,0.106730588,0.036549653
4.58431,0.454307453,0.379348575,0.230135761,0.107828249,0.034592563
4.59387,0.456501693,0.375433313,0.226690461,0.107281046,0.032831292
4.60346,0.455954492,0.378528315,0.229511318,0.106890499,0.034790554
4.61307,0.452979159,0.377119521,0.230726477,0.108458129,0.034360847
4.6227,0.456191657,0.378178028,0.231197531,0.109359981,0.034401103
4.63235,0.455448646,0.378570758,0.230493684,0.107794538,0.033109804
4.64201,0.455136435,0.378532691,0.229711512,0.107873962,0.03299341
4.6517,0.454393429,0.378102993,0.233002343,0.108188369,0.033934433
4.6614,0.454786165,0.379278998,0.230731963,0.109951826,0.036128689
4.67114,0.45568803,0.381042459,0.231947135,0.110148749,0.034915726
4.68087,0.456981529,0.380691093,0.231634933,0.108661642,0.035073485
4.69065,0.453340437,0.382532886,0.233633379,0.10909355,0.033625547
4.70044,0.455730519,0.382729814,0.234182779,0.109956257,0.034096619
4.71025,0.455927451,0.38038112,0.237003663,0.108155852,0.03519431
4.72008,0.45722096,0.383084515,0.237905537,0.109214381,0.035038772
4.72993,0.457261242,0.382302363,0.239708175,0.108980518,0.034765745
4.73979,0.457849814,0.381089416,0.239552641,0.109529926,0.034531884
4.74969,0.459104168,0.385046049,0.240689505,0.110001011,0.033906392
4.75959,0.458870311,0.384263904,0.241904696,0.1096105,0.03316341
4.76953,0.457931515,0.384343359,0.242571603,0.109807446,0.033712827
4.77948,0.459812492,0.384383652,0.240497069,0.108320364,0.034144755
4.78945,0.456328074,0.382896571,0.241359797,0.109574726,0.035124973
4.79944,0.460128065,0.38520835,0.242418344,0.109223389,0.03336375
4.80945,0.457231105,0.386697699,0.242458645,0.109420343,0.033717359
4.81949,0.457741369,0.387482107,0.241637351,0.109382318,0.033601007
4.82955,0.461619694,0.386425835,0.243087541,0.109461787,0.035051198
4.83962,0.459897645,0.386975267,0.242618723,0.11126445,0.033289985
4.84972,0.461308676,0.385762345,0.244499715,0.110129855,0.033134477
4.85984,0.460526555,0.386311783,0.244618355,0.110953437,0.034467184
4.86998,0.45966611,0.386430424,0.242583005,0.111581204,0.03215769
4.88014,0.458805667,0.385726635,0.245913053,0.110955741,0.033960362
4.89033,0.461274122,0.386706879,0.244504325,0.110486937,0.033374067
4.90053,0.460609501,0.388979518,0.247011945,0.111036383,0.033375225
4.91075,0.460219027,0.386709197,0.24254847,0.110567582,0.033807184
4.92099,0.457400419,0.390274234,0.249207421,0.111077869,0.032868422
4.93126,0.459633903,0.387494794,0.24709376,0.108846717,0.033417877
4.94155,0.458577657,0.389767443,0.248465649,0.11037526,0.033771516
4.95185,0.458304682,0.389298651,0.244824616,0.112060458,0.031814512
4.96219,0.459754904,0.390670546,0.246979781,0.110690911,0.034361311
4.97254,0.462810829,0.391650807,0.250035705,0.109752162,0.032443475
4.98291,0.461950409,0.393257686,0.251642584,0.11214231,0.031818037
4.9933,0.464144743,0.390830731,0.251526274,0.111556038,0.03377739
5.00373,0.46293186,0.391184386,0.25211491,0.110656462,0.03542344
5.01416,0.461797303,0.391107243,0.252076931,0.111049281,0.033858085
5.02461,0.463130047,0.393105766,0.252508915,0.110815486,0.03158779
5.0351,0.463092074,0.393929389,0.251961816,0.110699186,0.034996202
5.0456,0.463954862,0.39549712,0.25255046,0.111248666,0.034331615
5.05613,0.462624499,0.395341661,0.252590819,0.110584083,0.035272733
5.06668,0.461607447,0.394598753,0.254746007,0.112465127,0.034960623
5.07724,0.463566819,0.39412999,0.255765457,0.112583816,0.03527513
5.08784,0.464507946,0.39511028,0.256667419,0.111370952,0.034297246
5.09845,0.460631966,0.394210724,0.256198662,0.112899531,0.034337614
5.10908,0.466625184,0.394916873,0.258628004,0.112509103,0.034652128
5.11974,0.465490653,0.398129488,0.259686627,0.113841871,0.034065886
5.13041,0.464238633,0.395154275,0.256828905,0.110984149,0.033714626
5.14111,0.463064943,0.398445221,0.258944946,0.111651142,0.033128388
5.15184,0.463183652,0.398603093,0.258867838,0.112983918,0.032502991
5.16259,0.465926315,0.396959447,0.261571337,0.114669167,0.03316999
5.17335,0.46698495,0.397548121,0.258556972,0.115101187,0.032348779
5.18414,0.466986175,0.398959231,0.261652111,0.112987585,0.033564071
5.19495,0.463893488,0.398882131,0.261418357,0.115769418,0.034231077
5.20579,0.46436468,0.398413399,0.26224202,0.112010955,0.033253221
5.21665,0.465736634,0.400333642,0.264514734,0.115027775,0.03321529
5.22753,0.464406311,0.398455031,0.264280988,0.113501635,0.033647323
5.23842,0.465073326,0.398808738,0.264517205,0.115030246,0.035293425
5.24935,0.46217647,0.39939743,0.266241638,0.114639852,0.035216338
5.2603,0.465976569,0.403158366,0.265420448,0.114210297,0.0329461
5.27128,0.465742835,0.401475584,0.266400781,0.115699755,0.034592212
5.28226,0.466135716,0.402377589,0.267733585,0.117228377,0.035611709
5.29327,0.466176129,0.404062869,0.268831413,0.116877155,0.037257824
5.30433,0.46578575,0.401714316,0.269263466,0.114881074,0.03557505
5.31539,0.466531111,0.401833061,0.268833923,0.117310464,0.034675545
5.32646,0.465514117,0.403909982,0.271615786,0.114883586,0.035381745
5.33757,0.467826023,0.40398957,0.271225412,0.115746443,0.035892131
5.3487,0.466613219,0.403990833,0.272362416,0.116609302,0.035227615
5.35986,0.468494332,0.403482975,0.271776231,0.116493079,0.033231545
5.37104,0.467046553,0.405050782,0.273461529,0.115358607,0.035660949
5.38224,0.466499535,0.403955476,0.27538181,0.117553032,0.036014691
5.39346,0.46481678,0.407089828,0.273777382,0.117397653,0.034958552
5.40471,0.467246192,0.406112018,0.277851659,0.117751401,0.035664771
5.41598,0.466464202,0.406739912,0.277500467,0.11673443,0.035274415
5.42728,0.469637726,0.40611458,0.276561827,0.119007194,0.035941477
5.43859,0.467954979,0.406429171,0.276641437,0.119243458,0.033318808
5.44992,0.465214823,0.407448707,0.27683854,0.11830482,0.034573325
5.46129,0.467605085,0.409486498,0.279346293,0.119206871,0.036532789
5.47267,0.468977099,0.407725434,0.27782021,0.118424894,0.034654235
5.48409,0.465610336,0.409606577,0.280249641,0.119405276,0.036457051
5.49552,0.467648134,0.411722701,0.279780976,0.1194849,0.03512679
5.50699,0.464438031,0.409491685,0.282876192,0.11889875,0.034501476
5.51846,0.46541842,0.410589564,0.281428446,0.120270774,0.034933576
5.52997,0.466281323,0.4122749,0.284327849,0.121290331,0.035718153
5.5415,0.46773168,0.413842747,0.28491661,0.118628523,0.037168509
5.55306,0.466283944,0.412199195,0.286210317,0.118120711,0.03646488
5.56464,0.469261682,0.412396326,0.283861823,0.121529247,0.036622847
5.57624,0.466756537,0.411849354,0.284685573,0.121099766,0.036819982
5.58786,0.468598539,0.412790597,0.285587651,0.121061921,0.035372252
5.59951,0.471811265,0.413222717,0.286803041,0.12024081,0.036039353
5.61119,0.468562023,0.412793245,0.287900944,0.118793088,0.035453227
5.62289,0.468759169,0.413303698,0.287353984,0.12200582,0.037021094
5.63461,0.470562018,0.416281451,0.289705122,0.12008814,0.036004174
5.64636,0.470054227,0.417418526,0.289275657,0.121969321,0.036240489
5.65814,0.468214881,0.416871574,0.291000187,0.123028071,0.037612547
5.66993,0.467863748,0.418321961,0.290766544,0.121071236,0.036869779
5.68175,0.47068486,0.416835091,0.290180434,0.123422386,0.03832017
5.6936,0.468179743,0.419264571,0.290260106,0.122013846,0.035854216
5.70546,0.466066261,0.418091013,0.290927231,0.124521654,0.038557841
5.71736,0.466890045,0.419149777,0.291437707,0.123269774,0.036836
5.72928,0.466969725,0.416448851,0.291204079,0.122801166,0.037973093
5.74122,0.468576782,0.418839178,0.293163608,0.124525713,0.036682054
5.75319,0.469400574,0.419075517,0.292342534,0.123469659,0.036644249
5.76519,0.469480263,0.419116043,0.293557964,0.123392694,0.037154736
5.7772,0.469089992,0.418843262,0.295752481,0.124568961,0.039975869
5.78925,0.470853716,0.419902043,0.295949666,0.125588579,0.03504264
5.80131,0.469327709,0.418493527,0.294345333,0.126529871,0.036610548
5.81341,0.469133265,0.421040526,0.296931495,0.126687898,0.036416104
5.82552,0.469996236,0.421668516,0.295562148,0.125240225,0.035673373
5.83768,0.47015427,0.420455829,0.298383298,0.126220691,0.035283118
5.84984,0.472270477,0.42284618,0.298345515,0.124068081,0.036616056
5.86204,0.468081371,0.422181786,0.298072755,0.127202543,0.03536421
5.87425,0.47070671,0.421125759,0.301403036,0.126303169,0.035287269
5.8865,0.470903917,0.422184562,0.298428003,0.126813684,0.03474037
5.89876,0.469769568,0.422342608,0.300348405,0.126893403,0.03505507
5.91106,0.469770964,0.421795716,0.30011482,0.127286434,0.03701464
5.92339,0.470477307,0.423050347,0.301369451,0.126308747,0.036154443
5.93574,0.472476045,0.423130075,0.301723323,0.128542466,0.035411738
5.9481,0.473456535,0.423444785,0.302038034,0.129327138,0.03506067
5.9605,0.473222962,0.423211213,0.304115106,0.128271133,0.036080328
5.97293,0.469229699,0.423604258,0.304703969,0.129447448,0.036081739
5.98537,0.470210198,0.422548257,0.304666217,0.128939735,0.035495699
5.99785,0.474597922,0.425095298,0.306743297,0.128040391,0.034674682
6.01035,0.472836985,0.423843486,0.30803711,0.131527359,0.035459371
6.02287,0.472642589,0.425215629,0.306432829,0.128943991,0.038398052
6.03544,0.471743256,0.425334546,0.307569997,0.130120322,0.036872104
6.04801,0.472762933,0.427607454,0.308942145,0.13035673,0.035424482
6.06063,0.471981096,0.427256415,0.307220385,0.131376412,0.03718827
6.07325,0.474723972,0.427492829,0.311177328,0.13008545,0.035466511
6.08591,0.4703391,0.42686765,0.309847207,0.131144301,0.036916996
6.09859,0.471162972,0.427025743,0.31114104,0.129422547,0.03742756
6.1113,0.471947684,0.42616559,0.310985829,0.131538818,0.037311513
6.12404,0.473554832,0.427929392,0.312788795,0.131775244,0.037822084
6.1368,0.475005329,0.426873426,0.311106214,0.131933346,0.035473724
6.14959,0.473401079,0.427932292,0.314123253,0.133383847,0.035357685
6.16241,0.47324588,0.430205228,0.313850564,0.131466292,0.036808189
6.17525,0.474383077,0.428561819,0.314165328,0.132525162,0.034616492
6.18813,0.474306212,0.429738185,0.315341694,0.132565788,0.03547955
6.20101,0.47403353,0.433303523,0.314089925,0.133272192,0.036068464
6.21394,0.474074162,0.429466971,0.316323711,0.13417442,0.033915941
6.22689,0.475054718,0.430917489,0.317813393,0.132021899,0.035248969
6.23986,0.473607142,0.430644817,0.31538673,0.134529833,0.034075537
6.25287,0.472002917,0.430019679,0.319226227,0.134178839,0.035212755
6.2659,0.473727588,0.433154235,0.317387023,0.135159405,0.035958339
6.27896,0.476353023,0.433821496,0.319307515,0.134377617,0.03650811
6.29205,0.475101278,0.434410434,0.321619645,0.132499257,0.037057885
6.30516,0.475729381,0.4310047,0.322051932,0.132422418,0.035884469
6.3183,0.476631633,0.43413927,0.322445058,0.137515161,0.037452499
6.33146,0.475575712,0.434884869,0.321624118,0.137125019,0.036239925
6.34466,0.475733865,0.433006521,0.323505464,0.136225758,0.037063857
6.35787,0.476048672,0.433830453,0.32460354,0.133603305,0.034206422
6.37113,0.476833446,0.436925872,0.323508468,0.137129522,0.037262678
6.3844,0.477461568,0.43661407,0.327739628,0.137326845,0.039848973
6.39771,0.475583232,0.435401514,0.324764716,0.136584251,0.037853147
6.41104,0.477503755,0.437047893,0.326606912,0.135998312,0.036562266
6.4244,0.475233791,0.438263477,0.325316034,0.135177396,0.035702186
6.43779,0.475509455,0.43806918,0.327471545,0.137842032,0.035429562
6.4512,0.474649381,0.437052452,0.329157096,0.137647736,0.038015873
6.46464,0.476295772,0.437602265,0.328610333,0.139019983,0.035001811
6.47811,0.476023156,0.437486304,0.329081823,0.137768281,0.036099917
6.49161,0.474888949,0.437801144,0.327634308,0.137652323,0.038647075
6.50514,0.476887821,0.440269978,0.330416449,0.138515455,0.037121235
6.51869,0.47634107,0.439801554,0.331162093,0.137302925,0.036143686
6.53228,0.475246036,0.440194732,0.331633598,0.139223478,0.037790095
6.54589,0.477323245,0.440392094,0.332692556,0.141731485,0.038379092
6.55953,0.478656351,0.44058946,0.333007412,0.139187407,0.036970755
6.57319,0.478148776,0.442196712,0.333948885,0.14001139,0.037559757
6.58689,0.4768971,0.441845796,0.334655383,0.138798878,0.038736216
6.60061,0.477995235,0.440124161,0.336262643,0.140171157,0.038111159
6.61436,0.475294516,0.440282375,0.335128462,0.141974237,0.037525267
6.62814,0.476549312,0.442398767,0.336657403,0.13958683,0.037096034
6.64195,0.477255821,0.444906796,0.336737297,0.141233263,0.037606726
6.65579,0.47576918,0.441383655,0.335916435,0.141469815,0.036355066
6.66966,0.475770754,0.442990931,0.338816106,0.142998764,0.036591621
6.68355,0.475928985,0.443305816,0.341010837,0.14084635,0.036984832
6.69747,0.477301286,0.442289146,0.338545118,0.142962757,0.037143066
6.71144,0.477028728,0.443426472,0.339055829,0.14202442,0.037927921
6.72541,0.475933736,0.445699539,0.341407222,0.140341976,0.036872093
6.73943,0.476757761,0.443312159,0.341996266,0.143633299,0.03840106
6.75346,0.476015247,0.443901203,0.342781128,0.143595728,0.037384402
6.76754,0.478366653,0.44456858,0.341568658,0.145007211,0.036916038
6.78164,0.477506658,0.444765998,0.341335278,0.1455571,0.037465928
6.79576,0.475080126,0.445629198,0.343099238,0.144540453,0.036175136
6.80993,0.475982494,0.444025103,0.343570807,0.14622609,0.03770412
6.82411,0.475905777,0.445514925,0.344668994,0.146501845,0.034729306
6.83833,0.475985718,0.445477376,0.34615882,0.145132737,0.037903161
6.85257,0.475674026,0.447241348,0.344633061,0.146818382,0.036769036
6.86685,0.47673306,0.446107228,0.347454452,0.146389205,0.034890811
6.88115,0.477948751,0.446382996,0.347612728,0.14799653,0.03473578
6.89549,0.47818536,0.447089566,0.349415876,0.148389793,0.038105466
6.90985,0.476189653,0.446582071,0.348634237,0.148078115,0.038381241
6.92425,0.476661249,0.446270397,0.350789861,0.149019673,0.035798086
6.93867,0.476584559,0.449091804,0.351026479,0.148825492,0.037562079
6.95313,0.477565286,0.447174435,0.351419755,0.149571239,0.036075508
6.96761,0.477331949,0.449251743,0.351460562,0.148828777,0.037487037
6.98212,0.478430174,0.448548447,0.353929508,0.150083655,0.035099712
6.99666,0.479254256,0.449450857,0.353343706,0.151299373,0.035649651
7.01124,0.478942604,0.448316771,0.352640418,0.150008633,0.03580796
7.02585,0.477965175,0.447182689,0.355266029,0.151772647,0.034086425
7.04049,0.480081664,0.44796762,0.355385181,0.150716896,0.035419645
7.05515,0.480005001,0.449457496,0.353781143,0.15287255,0.036713703
7.06985,0.479575872,0.450751559,0.355271024,0.153579162,0.035187997
7.08458,0.480008342,0.449852472,0.355820984,0.152758401,0.036952025
7.09933,0.479383401,0.450284944,0.35821163,0.153504181,0.035387161
7.11411,0.479150098,0.449464189,0.358761596,0.155229052,0.034762223
7.12894,0.481344935,0.449465872,0.358919933,0.153664196,0.036017137
7.14379,0.478331033,0.449115086,0.358020859,0.155506564,0.034608937
7.15866,0.47809774,0.451035784,0.359628249,0.155077454,0.03602051
7.17357,0.480057607,0.450215044,0.363272144,0.155431618,0.034847299
7.18851,0.48025512,0.451156663,0.360532397,0.155785785,0.034927322
7.20349,0.48013933,0.451628325,0.362688088,0.156688245,0.034537387
7.21849,0.480845974,0.452178315,0.362454809,0.158021505,0.035126541
7.23352,0.479907757,0.451161771,0.364493016,0.157944884,0.033835853
7.2486,0.481554335,0.452847512,0.363985603,0.158259904,0.034307526
7.26369,0.480851105,0.452731735,0.364065643,0.157752492,0.034740038
7.27882,0.481479438,0.452694288,0.365868879,0.158694132,0.03548586
7.29397,0.480188763,0.453675095,0.365243984,0.1581084,0.034625984
7.30918,0.480895432,0.453011042,0.368026316,0.157953472,0.03349197
7.3244,0.480505525,0.453521895,0.36583489,0.158151017,0.034864419
7.33965,0.482308775,0.452897011,0.368499737,0.158583546,0.034709496
7.35494,0.481331424,0.453603688,0.367953183,0.158663608,0.03447625
7.37025,0.483134681,0.455485273,0.369090662,0.160545193,0.031344911
7.3856,0.480786616,0.45384215,0.369131568,0.159293705,0.034871366
7.40099,0.481140833,0.455606252,0.369211641,0.160548682,0.034912275
7.4164,0.480476804,0.455255531,0.371563199,0.160276288,0.034365737
7.43185,0.481496808,0.456549678,0.372700693,0.160787166,0.034328326
7.44733,0.480441151,0.456159801,0.373681536,0.163530365,0.034565064
7.46284,0.481069528,0.456670687,0.374623221,0.161808934,0.034331844
7.47837,0.482442012,0.457220738,0.375016618,0.163494726,0.033002049
7.49395,0.480603097,0.457809958,0.376271617,0.16345733,0.034413702
7.50956,0.481192321,0.457185115,0.377369966,0.161892564,0.034376311
7.5252,0.481703221,0.458283467,0.376510145,0.162325137,0.035083028
7.54087,0.481979144,0.456327073,0.377216867,0.164598397,0.03387074
7.55657,0.481197657,0.459501095,0.380469216,0.164991814,0.033010925
7.57231,0.481786896,0.458210488,0.378356176,0.16565938,0.033874309
7.58808,0.481240397,0.458173115,0.378984582,0.166914401,0.035364311
7.60389,0.481947134,0.459584793,0.380866222,0.164801367,0.034700326
7.61971,0.481283151,0.460213205,0.381651287,0.166095558,0.033683871
7.63559,0.481676588,0.460489151,0.382358032,0.166802302,0.034743087
7.65149,0.47803619,0.460960918,0.38216402,0.167822357,0.034627402
7.66743,0.479917845,0.460531929,0.382244155,0.166805916,0.035334153
7.68339,0.483131062,0.458967202,0.386318968,0.168530921,0.036040908
7.69939,0.480195618,0.459478143,0.384832572,0.168963535,0.03408455
7.71543,0.480275766,0.460419887,0.383855307,0.168338741,0.035261275
7.73149,0.481922454,0.460147566,0.385932793,0.169867939,0.035615569
7.74759,0.480631887,0.460736845,0.387148688,0.170300564,0.034442492
7.76372,0.481456151,0.46179609,0.388677894,0.171085664,0.034561814
7.77989,0.48263289,0.460975492,0.388836383,0.17132248,0.035581899
7.79609,0.481851459,0.460703187,0.390208944,0.171520136,0.034878795
7.81233,0.482009956,0.460900847,0.39024995,0.173010191,0.036016379
7.82859,0.481267696,0.461803453,0.390055979,0.172385422,0.032611003
7.84489,0.479193883,0.462314428,0.392016002,0.173679666,0.035275969
7.86123,0.47899992,0.460671417,0.390529645,0.174582281,0.034298737
7.87759,0.480529152,0.461260726,0.392411349,0.174740792,0.036219604
7.894,0.481980064,0.461771714,0.393353135,0.176230867,0.035164054
7.91044,0.481355314,0.46279183,0.394334088,0.176585204,0.033951852
7.9269,0.482336269,0.461070506,0.395354206,0.178310264,0.036107711
7.94341,0.479870845,0.463069717,0.394533647,0.17866461,0.034386392
7.95995,0.481948385,0.462875776,0.393791418,0.178940631,0.03540652
7.97652,0.483046843,0.465031648,0.395712309,0.178785858,0.03607418
7.99314,0.483166221,0.464328593,0.397476552,0.180236793,0.034979489
8.00978,0.479956704,0.461980672,0.396264373,0.180356172,0.03568632
8.02645,0.481525136,0.463039979,0.397519497,0.180828026,0.036314828
8.04316,0.482349465,0.463590164,0.396542306,0.182435625,0.037413301
8.05991,0.481724752,0.462691306,0.397327477,0.182594181,0.037650184
8.0767,0.48368483,0.463241499,0.398778431,0.18388848,0.03776958
8.09351,0.481141113,0.46394835,0.399015319,0.185339436,0.036518257
8.11036,0.481182189,0.464381061,0.400779589,0.184753897,0.036285189
8.12725,0.481771558,0.463403891,0.399606601,0.185343266,0.03656125
8.14417,0.48302671,0.465168168,0.399843503,0.185071043,0.036993969
8.16113,0.483694414,0.463368574,0.400550371,0.184916314,0.036760914
8.17811,0.482247293,0.464623732,0.401844692,0.187933828,0.038172725
8.19515,0.48318915,0.464390685,0.400280087,0.185977589,0.03649063
8.21221,0.483778539,0.466664103,0.402788486,0.187976863,0.038489904
8.2293,0.482605574,0.465882773,0.403847839,0.188879561,0.037395266
8.24644,0.483155808,0.466863806,0.404515564,0.190800517,0.037906337
8.2636,0.483588555,0.466669936,0.405574926,0.188570148,0.037203343
8.28081,0.482963892,0.467181014,0.405890186,0.189316207,0.036852824
8.29805,0.483592465,0.465107307,0.404247278,0.192059606,0.034074175
8.31532,0.48140127,0.46581421,0.407656459,0.193197307,0.036700088
8.33264,0.484536314,0.467852676,0.406170214,0.191985205,0.035879621
8.34999,0.484420793,0.468128791,0.406524655,0.192222156,0.037056495
8.36738,0.485088546,0.466799207,0.405939177,0.195827169,0.037058469
8.38479,0.483563147,0.46789776,0.40907423,0.195672491,0.035572233
8.40225,0.483212658,0.469387954,0.408958722,0.195243675,0.035300071
8.41974,0.484742018,0.468880813,0.409587322,0.195598132,0.035302056
8.43726,0.484939823,0.469039455,0.410176762,0.196853351,0.036439784
8.45483,0.483806078,0.468493162,0.411079517,0.195837095,0.035736837
8.47244,0.482006557,0.468965122,0.411277334,0.198149739,0.03589549
8.49008,0.484750002,0.46959374,0.414059942,0.19971828,0.037150723
8.50774,0.48298965,0.469752398,0.411947119,0.198427889,0.036330294
8.52545,0.482443372,0.468109543,0.412889053,0.199722295,0.036763103
8.5432,0.479390636,0.470148057,0.413517682,0.201251684,0.034924434
8.56099,0.484092272,0.470345895,0.416378635,0.200509598,0.035866377
8.57881,0.482214448,0.469799628,0.414500811,0.20254812,0.035633418
8.59666,0.482725599,0.469958308,0.416265193,0.203176762,0.034617194
8.61456,0.484176679,0.469294561,0.418068745,0.204157881,0.03555915
8.6325,0.482063889,0.471450589,0.417130858,0.203729119,0.034307956
8.65046,0.482026763,0.471413463,0.417642021,0.204083629,0.035954859
8.66848,0.484691924,0.472159614,0.41780072,0.205808866,0.035917741
8.68651,0.483127432,0.472474969,0.417998585,0.206829163,0.036820548
8.7046,0.482267889,0.47098881,0.418744744,0.205773803,0.036235148
8.72272,0.485285533,0.473262348,0.421057445,0.206715783,0.036158879
8.74088,0.485091777,0.473656044,0.421137833,0.206600354,0.036552574
8.75908,0.483096506,0.472600696,0.421962332,0.20762067,0.036867948
8.7773,0.483255228,0.472837745,0.421024477,0.210599161,0.035538458
8.79558,0.486821178,0.473466436,0.423728831,0.209543823,0.035540533
8.81389,0.486509517,0.472958957,0.423025535,0.210877027,0.037735333
8.83222,0.487606094,0.472841466,0.425375343,0.210211248,0.03667792
8.85061,0.48564792,0.476013707,0.423378006,0.212600219,0.036756247
8.86904,0.485932065,0.473830553,0.425502833,0.21386345,0.037275372
8.8875,0.488830161,0.475475419,0.425072035,0.214411739,0.038136968
8.906,0.487067805,0.474339678,0.425307016,0.214999191,0.03680541
8.92454,0.48655868,0.475710399,0.424719564,0.217388162,0.037432026
8.94311,0.485942065,0.476072871,0.426374429,0.217554816,0.038146968
8.96173,0.489858412,0.475524582,0.426178612,0.218142268,0.03771617
8.98038,0.48656868,0.475563746,0.426413593,0.218259759,0.037990314
8.99907,0.486999478,0.475720399,0.425630323,0.219121355,0.038773583
9.0178,0.485276286,0.475211274,0.427275189,0.220727057,0.039008564
9.03658,0.486891988,0.476787813,0.426697737,0.221716144,0.038666093
9.05539,0.487949402,0.477688573,0.427755151,0.221363673,0.03862693
9.07423,0.487753584,0.47596538,0.426971881,0.222538577,0.038313622
9.09311,0.489320123,0.475182111,0.426776064,0.224692568,0.039449362
9.11204,0.488810998,0.47698363,0.428342603,0.225749981,0.040389286
9.13101,0.485962065,0.477306938,0.427256026,0.226229943,0.038519439
9.15001,0.487881075,0.476719486,0.428274276,0.226621578,0.039811834
9.16906,0.489016815,0.476836977,0.428352603,0.227248193,0.039381035
9.18814,0.488076892,0.475035457,0.429879978,0.227718155,0.039224382
9.20726,0.486794498,0.478726823,0.42934169,0.229020549,0.040095978
9.22643,0.487577767,0.477708573,0.429537507,0.231331194,0.03888191
9.24562,0.485658757,0.476572832,0.432122296,0.231213703,0.039626016
9.26488,0.486990315,0.47700363,0.431887315,0.233367694,0.038372785
9.28416,0.488635181,0.475280438,0.432827238,0.231683665,0.039038564
9.30348,0.486921988,0.476739486,0.433385527,0.233534348,0.038617766
9.32284,0.485120468,0.478658496,0.435108719,0.23310355,0.040928411
9.34225,0.486765334,0.4777969,0.435187046,0.234552598,0.038108641
9.36169,0.486882824,0.476739486,0.43420796,0.234278454,0.03967518
9.38118,0.486647844,0.477091957,0.436675258,0.238194801,0.039910161
9.4007,0.485913738,0.476984467,0.436450277,0.23796982,0.040350959
9.42026,0.487441113,0.478081044,0.437820999,0.236794916,0.038314458
9.43986,0.487597767,0.476984467,0.439035066,0.239144724,0.039959324
9.45951,0.486187882,0.477415265,0.438251797,0.240162974,0.038431949
9.4792,0.487333623,0.478756823,0.441982326,0.240055484,0.039538526
9.49893,0.489800921,0.477425265,0.440337461,0.241896167,0.040165141
9.5187,0.487216132,0.479070131,0.440689932,0.241152061,0.038755257
9.5385,0.487451113,0.47871766,0.441982326,0.242131147,0.039851834
9.55835,0.490505864,0.477151121,0.441903999,0.24385434,0.037502026
9.57825,0.488753507,0.479354275,0.44113073,0.243629359,0.040919247
9.59818,0.488009402,0.479080131,0.443441375,0.245861677,0.038647766
9.61815,0.488479363,0.47974591,0.442658105,0.245979167,0.038530276
9.63818,0.48765693,0.47872766,0.444733769,0.246488292,0.040175141
9.65823,0.489820921,0.479207621,0.443333884,0.249278899,0.039441035
9.67832,0.490134229,0.479285948,0.443451375,0.248926428,0.039088564
9.69846,0.490956662,0.47873766,0.444782933,0.249435553,0.04085092
9.71865,0.489860085,0.480147544,0.443803846,0.252098668,0.040498449
9.73888,0.49037921,0.480275035,0.445576202,0.251403726,0.039255218
9.75914,0.49061419,0.480157544,0.446241981,0.253401063,0.040586776
9.77945,0.489282633,0.482350699,0.445654529,0.254027678,0.039059401
9.7998,0.489321796,0.480196708,0.447495212,0.255359236,0.039686016
9.82019,0.488812671,0.481606593,0.446046164,0.257082429,0.03894191
9.84062,0.489175142,0.482243208,0.447466048,0.25630916,0.038246968
9.8611,0.490820008,0.482556516,0.445351221,0.257914862,0.036719593
9.88163,0.492386547,0.481146631,0.448562626,0.259559727,0.03985267
9.90219,0.489684267,0.48079416,0.448993424,0.260147179,0.039539362
9.9228,0.48938096,0.481039141,0.447789356,0.26129292,0.039510199
9.94344,0.489968412,0.482762333,0.44794601,0.262506988,0.038217804
9.96414,0.4905167,0.482488189,0.448729279,0.263368584,0.040058488
9.98486,0.491221643,0.482174881,0.448572626,0.264895959,0.038296131
10.0056,0.489743431,0.481401612,0.450854107,0.265062613,0.039520199
10.0265,0.49154495,0.481910737,0.44999251,0.265963373,0.039363545
10.0473,0.490213392,0.481675756,0.448504299,0.266315844,0.03885442
10.0682,0.49040921,0.483085641,0.45089327,0.268234854,0.038932747
10.0892,0.490850008,0.482664843,0.450080837,0.268009873,0.039021074
10.1102,0.492534037,0.484740507,0.450394145,0.268401508,0.037924497
10.1312,0.49143746,0.484857997,0.45078578,0.271417095,0.039295218
10.1523,0.49143746,0.484466362,0.451725703,0.271338768,0.038159478
10.1734,0.489831758,0.484544689,0.451647376,0.273492759,0.038433622
10.1946,0.491917421,0.485377122,0.453968021,0.274325192,0.039383545
10.2158,0.490076738,0.484711343,0.453184751,0.274795153,0.03887442
10.2371,0.491369133,0.48478967,0.453302242,0.276322528,0.039070237
10.2584,0.489724267,0.487100315,0.454555473,0.277575759,0.038521949
10.2797,0.488676854,0.484094728,0.454487146,0.278760663,0.039119401
10.3011,0.491026662,0.485347959,0.454604636,0.2787215,0.038257804
10.3225,0.491104989,0.484956324,0.453899694,0.279857241,0.039041074
10.344,0.48863769,0.486248719,0.456014521,0.281384616,0.037905333
10.3655,0.490253392,0.485514613,0.455867867,0.282373703,0.038620276
10.3871,0.489705104,0.484927161,0.456533646,0.283274462,0.037562862
10.4087,0.489744267,0.483399785,0.456651137,0.286485867,0.037837006
10.4304,0.489156815,0.486141228,0.455867867,0.28562427,0.038306968
10.4521,0.488853507,0.487091151,0.456426156,0.287396626,0.037377045
10.4738,0.48967594,0.484623853,0.457679387,0.28743579,0.037729516
10.4956,0.489088488,0.48572043,0.45760106,0.288963165,0.037572862
10.5174,0.48955845,0.485955411,0.457366079,0.289903088,0.037964497
10.5393,0.489960085,0.485299632,0.459295089,0.291440464,0.037974497
10.5612,0.489411796,0.485691267,0.457846041,0.292654531,0.036956247
10.5832,0.488432709,0.484438036,0.458550983,0.293829435,0.036682102
10.6053,0.488785181,0.485064651,0.458237675,0.294142743,0.037269554
10.6273,0.489930921,0.484761343,0.457660223,0.296776695,0.036300468
10.6494,0.488795181,0.48664119,0.4587568,0.297442474,0.036300468
10.6716,0.489069325,0.483273132,0.458874291,0.299243994,0.036222141
10.6938,0.489500123,0.485505449,0.458091021,0.300614715,0.036457121
10.716,0.490645864,0.484301382,0.458570983,0.302504562,0.037289554
10.7383,0.488883507,0.485672103,0.460999118,0.302896196,0.037563699
10.7607,0.488452709,0.48586792,0.461155772,0.3020346,0.038190314
10.783,0.4906067,0.485358795,0.459236762,0.304423572,0.037093737
10.8055,0.48959845,0.486387046,0.460108358,0.305412658,0.036555448
10.828,0.488932671,0.486034574,0.459912541,0.306274255,0.037260391
10.8505,0.491478296,0.486112901,0.460108358,0.308467409,0.035967996
10.8731,0.490381719,0.486582863,0.461870714,0.309211515,0.038121987
10.8957,0.489569286,0.487023661,0.462272349,0.310788054,0.037701189
10.9184,0.49074419,0.487376132,0.461763224,0.310396419,0.037818679
10.9411,0.490705027,0.48667119,0.461802387,0.312432919,0.037192064
10.9638,0.489412633,0.486514536,0.462037368,0.314743564,0.037701189
10.9866,0.490323392,0.485819593,0.463261436,0.314831891,0.037632862
11.0095,0.490127575,0.485388795,0.463496417,0.31639843,0.038141987
11.0324,0.491380806,0.486642026,0.462047368,0.316045958,0.038376968
11.0554,0.490127575,0.487229478,0.463065618,0.317573334,0.037711189
11.0784,0.488845181,0.488061911,0.463937215,0.319424017,0.039131074
11.1014,0.492174075,0.486182065,0.462801474,0.320050632,0.035802179
11.1245,0.489902594,0.486887007,0.46366307,0.320403103,0.037877843
11.1476,0.489990921,0.485957084,0.46547459,0.32229295,0.036830429
11.1708,0.489050998,0.48873769,0.463908051,0.322723748,0.037457045
11.1941,0.490147575,0.489403469,0.465082955,0.325935152,0.037339554
11.2174,0.489834267,0.487445296,0.465122119,0.32613097,0.03796617
11.2407,0.489883431,0.489491796,0.467873562,0.327355037,0.036487958
11.2641,0.491332479,0.488512709,0.466816148,0.328999903,0.036527121
11.2875,0.489844267,0.48784693,0.467364436,0.330527278,0.036448795
11.311,0.48874769,0.489883431,0.468265196,0.330409788,0.035939669
11.3345,0.488601036,0.489815104,0.468784321,0.331046403,0.039043583
11.3581,0.48954096,0.48785693,0.46933261,0.333435375,0.036693775
11.3817,0.489501796,0.48954096,0.469645918,0.335001914,0.036145487
11.4054,0.487465296,0.488091911,0.468471014,0.335941837,0.037359554
11.4291,0.487436132,0.488258565,0.469734245,0.337635866,0.036429631
11.4529,0.4886502,0.488532709,0.471104966,0.338340808,0.03697792
11.4767,0.487906094,0.487906094,0.471535764,0.339750693,0.037173737
11.5006,0.488464382,0.487171988,0.470762495,0.341366395,0.036243814
11.5245,0.489051834,0.490540046,0.471075802,0.342854607,0.037927843
11.5485,0.48787693,0.488816854,0.472681505,0.345008598,0.036674612
11.5725,0.488816854,0.488190238,0.471114966,0.344616963,0.037888679
11.5966,0.487808603,0.488435219,0.474140553,0.34650681,0.037350391
11.6207,0.487338642,0.489962594,0.472848159,0.349287416,0.037585372
11.6449,0.487299478,0.489492633,0.472848159,0.350423157,0.036802102
11.6691,0.487495296,0.489610123,0.473278957,0.350853955,0.037898679
11.6934,0.486957007,0.488915181,0.472349033,0.351686388,0.03814366
11.7177,0.487035334,0.490990844,0.473523937,0.351294753,0.036185487
11.7421,0.48766195,0.490129248,0.47242736,0.353370417,0.036342141
11.7665,0.487946094,0.490648373,0.472594014,0.355260263,0.036508795
11.791,0.48778944,0.491470806,0.473024812,0.35635684,0.0352164
11.8155,0.488220238,0.490374229,0.475217967,0.35815836,0.035960506
11.8401,0.4907267,0.49252822,0.473964736,0.35827585,0.037370391
11.8647,0.489130998,0.491128335,0.474914659,0.360870639,0.037067083
11.8894,0.48881769,0.492459893,0.474797168,0.361771399,0.037458718
11.9141,0.489209325,0.491402479,0.474758005,0.361771399,0.037772026
11.9389,0.48961096,0.493018181,0.474768005,0.363230447,0.036920429
11.9637,0.492313239,0.493174835,0.474924659,0.365345275,0.037312064
11.9886,0.489023507,0.492313239,0.47629538,0.364914476,0.038291151
12.0135,0.487887767,0.493644797,0.475629601,0.367146794,0.03817366
12.0385,0.489307652,0.492244912,0.475913746,0.367313448,0.037557045
12.0636,0.488367729,0.492205748,0.476697015,0.368292535,0.037909516
12.0887,0.490247575,0.491892441,0.476931996,0.36891915,0.03818366
12.1138,0.489425142,0.4927932,0.476540361,0.370955651,0.038927766
12.139,0.49088419,0.490414229,0.47721614,0.370456525,0.037762862
12.1643,0.490218412,0.493899778,0.477137813,0.373432949,0.039016093
12.1896,0.489356815,0.49358647,0.476746178,0.373511276,0.037723699
12.2149,0.489484306,0.491481643,0.476090399,0.374617853,0.03910442
12.2403,0.49065921,0.491559969,0.475933746,0.375518613,0.03808617
12.2658,0.488113584,0.492343239,0.477852756,0.376066901,0.038007843
12.2913,0.490395065,0.49258822,0.478998496,0.377447623,0.039623545
12.3168,0.489259325,0.492509893,0.477275304,0.376781844,0.037939516
12.3425,0.491726623,0.493488979,0.4781369,0.379836594,0.038017843
12.3681,0.489964267,0.492157421,0.477784429,0.380071575,0.038174497
12.3939,0.491579969,0.489739286,0.4781469,0.382274729,0.039281074
12.4196,0.491227498,0.491423316,0.476580361,0.382000585,0.039085257
12.4455,0.490835864,0.490287575,0.480026746,0.38431123,0.038380314
12.4714,0.490728373,0.48990594,0.478078573,0.385300316,0.039369401
12.4973,0.49092419,0.490767537,0.480780852,0.385535297,0.039565218
12.5233,0.493195672,0.489945104,0.4781569,0.38725849,0.040074343
12.5493,0.491433316,0.490023431,0.480820016,0.387532634,0.038781949
12.5754,0.491795787,0.49093419,0.479459294,0.390401567,0.039849362
12.6016,0.49093419,0.489876777,0.480555871,0.391302327,0.03914442
12.6278,0.490855864,0.492304912,0.480399218,0.389461644,0.03914442
12.6541,0.492040768,0.492040768,0.480370054,0.391390654,0.038841112
12.6804,0.490513392,0.491179171,0.479939256,0.392722212,0.037627045
12.7067,0.491453316,0.492510729,0.480840016,0.39417126,0.039702709
12.7332,0.490562556,0.491150008,0.479361804,0.395904453,0.04006518
12.7597,0.49263822,0.491894114,0.480732525,0.397040193,0.038655295
12.7862,0.491659133,0.491580806,0.481907429,0.39801928,0.039242747
12.8128,0.492168258,0.492364075,0.480850016,0.398606732,0.039595218
12.8394,0.493274835,0.492530729,0.481878266,0.399595819,0.039252747
12.8661,0.492060768,0.491982441,0.480899179,0.40198479,0.039566055
12.8929,0.492021604,0.493039854,0.481956593,0.402219771,0.039683545
12.9197,0.49187495,0.491639969,0.481496631,0.401838137,0.040359324
12.9466,0.491639969,0.4928932,0.481418304,0.403992127,0.04008518
12.9735,0.491522479,0.492188258,0.481104996,0.402738896,0.039262747
13.0005,0.491806623,0.492159095,0.482916516,0.405059541,0.039860199
13.0275,0.492354912,0.492198258,0.483112333,0.405686156,0.03919442
13.0546,0.494234758,0.490670883,0.483817276,0.406038628,0.03817617
13.0818,0.493608143,0.491728296,0.483308151,0.406195282,0.039116093
13.109,0.491464152,0.492560729,0.483278987,0.408907561,0.038616968
13.1362,0.493735633,0.492051604,0.48421891,0.40867258,0.037677045
13.1636,0.493343999,0.4908767,0.48511967,0.410082465,0.037990352
13.1909,0.494098104,0.492531566,0.483484805,0.408956724,0.038626968
13.2184,0.493393162,0.49178746,0.485834613,0.410053301,0.038274497
13.2458,0.49280571,0.491043354,0.48591294,0.411071552,0.038509478
13.2734,0.49269822,0.48999594,0.485883776,0.410259119,0.039498564
13.301,0.491562479,0.493403162,0.486588719,0.411551513,0.040595141
13.3287,0.492345748,0.492110768,0.48694119,0.412804744,0.039851035
13.3564,0.489966777,0.490515065,0.485619632,0.413676341,0.041231757
13.3841,0.490828373,0.490084267,0.486089593,0.414929572,0.039508564
13.412,0.491259171,0.492238258,0.48503218,0.414263793,0.039391074
13.4399,0.490290085,0.491230008,0.485747122,0.41650611,0.040223507
13.4678,0.491386662,0.490760046,0.487039517,0.41842512,0.040889286
13.4958,0.491269171,0.492248258,0.486765372,0.416701928,0.040419324
13.5239,0.49080921,0.492179931,0.485717959,0.417847668,0.041565065
13.552,0.490456738,0.491083354,0.486501228,0.419140063,0.040076853
13.5802,0.490143431,0.491474989,0.486579555,0.419688351,0.038431987
13.6084,0.491984114,0.491279171,0.487558642,0.42125489,0.040820959
13.6367,0.492072441,0.492307421,0.486942026,0.421774015,0.040008526
13.6651,0.490231758,0.491915787,0.487411988,0.421656525,0.040400161
13.6935,0.493286508,0.492189931,0.487137844,0.422948919,0.039421074
13.722,0.493374835,0.493139854,0.487226171,0.423820515,0.039431074
13.7505,0.491338335,0.491808296,0.487656969,0.425387054,0.040214343
13.7791,0.49196495,0.492004114,0.488557729,0.425504545,0.04029267
13.8077,0.492836547,0.492444912,0.488254421,0.427786026,0.039088603
13.8365,0.4909567,0.491230844,0.486727046,0.427590208,0.040811795
13.8652,0.494324758,0.491818296,0.488371911,0.429235074,0.040459324
13.8941,0.492572402,0.491280008,0.487676969,0.429480055,0.040038526
13.923,0.492729056,0.492611566,0.488107767,0.429401728,0.039999362
13.9519,0.493199018,0.491945787,0.489478488,0.431751536,0.041017613
13.9809,0.492386585,0.492817383,0.487961113,0.431957353,0.041066776
14.01,0.492699893,0.493639816,0.48815693,0.434777123,0.040087689
14.0391,0.493443999,0.492974037,0.488587729,0.43281895,0.040479324
14.0683,0.495177191,0.491965787,0.488676055,0.433455565,0.038844458
14.0976,0.494746393,0.492749056,0.489694306,0.434043017,0.039745218
14.1269,0.493571489,0.49200495,0.489185181,0.435727046,0.039784382
14.1563,0.495148028,0.494599739,0.488333584,0.434836287,0.040499324
14.1857,0.494873883,0.494168941,0.487667805,0.435384575,0.040812632
14.2152,0.491936623,0.491819133,0.488137767,0.436598643,0.041870045
14.2448,0.493278181,0.494061451,0.487599478,0.437000277,0.040313507
14.2744,0.493552326,0.493395672,0.486659555,0.437000277,0.041801718
14.3041,0.492886547,0.493199854,0.489440161,0.438096854,0.042232517
14.3338,0.493405672,0.492700729,0.488431911,0.438146018,0.042046699
14.3636,0.492113277,0.493405672,0.487805296,0.438929287,0.042242517
14.3935,0.493092364,0.492348258,0.48796195,0.438890124,0.042242517
14.4234,0.492554075,0.493298181,0.487110353,0.440740807,0.041625901
14.4534,0.492671566,0.493415672,0.489029363,0.440153355,0.041469247
14.4834,0.490165104,0.494433922,0.48808944,0.440936624,0.040764305
14.5135,0.492720729,0.493386508,0.488726055,0.441886547,0.041361757
14.5437,0.492250768,0.493112364,0.488726055,0.442082365,0.040186853
14.574,0.490801719,0.494248104,0.489979286,0.442552326,0.04038267
14.6043,0.49206495,0.493709816,0.488814382,0.444403009,0.041254266
14.6346,0.491751643,0.494845557,0.487952786,0.445734567,0.041606738
14.6651,0.492182441,0.492809056,0.490576738,0.446791981,0.040627651
14.6955,0.491683316,0.492662402,0.489411834,0.445744567,0.040794305
14.7261,0.491565825,0.493954797,0.490234267,0.448525173,0.039658564
14.7567,0.491918296,0.493367345,0.490782556,0.447311106,0.041616738
14.7874,0.492515748,0.493690652,0.490009286,0.449005135,0.039786055
14.8181,0.493416508,0.493416508,0.490205104,0.449005135,0.040725978
14.849,0.491742479,0.493622326,0.491429171,0.450346693,0.040500997
14.8798,0.494053124,0.493309018,0.491233354,0.449994222,0.040892632
14.9108,0.492212441,0.494248941,0.489901796,0.450072549,0.040266016
14.9418,0.492731566,0.495159701,0.490264267,0.451374943,0.040550161
14.9728,0.494337268,0.495277191,0.490342594,0.451296616,0.040276016
15.004,0.491321681,0.494102287,0.489755142,0.452158213,0.040354343
15.0352,0.492545748,0.494112287,0.492036623,0.453538934,0.038327843
15.0664,0.492819893,0.49595297,0.491253354,0.454361367,0.038719478
15.0977,0.492780729,0.494973883,0.491018373,0.455888742,0.039463583
15.1291,0.492477421,0.494631412,0.491850806,0.455507107,0.040374343
15.1606,0.492712402,0.495179701,0.491772479,0.455154636,0.038690314
15.1921,0.492203277,0.495884643,0.491576662,0.457778589,0.039003622
15.2237,0.492056623,0.496090461,0.491469171,0.457044483,0.04046267
15.2554,0.49393647,0.496012134,0.492291604,0.45735779,0.039170276
15.2871,0.492575748,0.495003883,0.493124037,0.45905182,0.038162026
15.3188,0.491479171,0.496452932,0.492732402,0.459717598,0.039806891
15.3507,0.494925557,0.496100461,0.494024797,0.459560945,0.039376093
15.3826,0.492272441,0.496071297,0.491684989,0.460393377,0.040091035
15.4146,0.495797153,0.495836316,0.491998296,0.462077407,0.040795978
15.4466,0.49497472,0.495483845,0.492781566,0.462743186,0.040091035
15.4788,0.495415518,0.49588548,0.493535672,0.464319724,0.040453507
15.5109,0.492869893,0.496081297,0.491773316,0.462048243,0.040061872
15.5432,0.493496508,0.495415518,0.491420844,0.464358888,0.040884305
15.5755,0.494563922,0.494524758,0.49295822,0.464799686,0.040541834
15.6079,0.495347191,0.495190537,0.49217495,0.464838849,0.041325103
15.6403,0.493790652,0.495435518,0.49104921,0.465632119,0.042235863
15.6728,0.493007383,0.495435518,0.490696738,0.46700284,0.040747651
15.7054,0.493281527,0.495239701,0.492302441,0.467590292,0.042157536
15.7381,0.492939056,0.494623085,0.491685825,0.468187744,0.042754988
15.7708,0.492821566,0.493683162,0.492312441,0.468853523,0.041227613
15.8036,0.49309571,0.49513221,0.493448181,0.469519302,0.041580084
15.8364,0.494163124,0.493144874,0.492557421,0.467688619,0.041120122
15.8694,0.493693162,0.49298822,0.493693162,0.469215994,0.043587421
15.9024,0.492645748,0.493703162,0.493977306,0.470165918,0.042579171
15.9354,0.492919893,0.493938143,0.494290614,0.470244245,0.041717574
15.9685,0.491901643,0.491979969,0.494329778,0.470244245,0.04132594
16.0017,0.492499095,0.494300614,0.494418104,0.471311658,0.041218449
16.035,0.491676662,0.494339778,0.4932432,0.471429149,0.042080045
16.0683,0.492812402,0.493595672,0.495201374,0.472016601,0.042315026
16.1017,0.4912167,0.492861566,0.494545595,0.473084014,0.041424266
16.1352,0.49133419,0.494271451,0.49505472,0.473123178,0.042168372
16.1688,0.490952556,0.493302364,0.494790576,0.473642303,0.041316776
16.2024,0.492049133,0.492714912,0.494829739,0.472545726,0.041512593
16.2361,0.492009969,0.49314571,0.494281451,0.474347245,0.041630084
16.2698,0.492646585,0.492450768,0.49507472,0.472986524,0.042031718
16.3036,0.491432517,0.493469018,0.495270537,0.474709716,0.041757574
16.3375,0.492450768,0.493429854,0.494761412,0.475414659,0.041248449
16.3715,0.492930729,0.493596508,0.49418396,0.475542149,0.042041718
16.4055,0.492343277,0.493518181,0.493948979,0.47487637,0.041336776
16.4396,0.492314114,0.495173047,0.493449854,0.475747967,0.042717497
16.4738,0.492862402,0.493763162,0.493802326,0.476648726,0.042874151
16.5081,0.493254037,0.493606508,0.492705748,0.477079525,0.042874151
16.5424,0.492754912,0.49420396,0.493499018,0.477872794,0.042610007
16.5767,0.492872402,0.492911566,0.49306822,0.477324505,0.042335863
16.6112,0.493587345,0.493548181,0.492804075,0.478117775,0.04344244
16.6458,0.494135633,0.492843239,0.493039056,0.478901044,0.043129132
16.6803,0.493978979,0.493822326,0.493274037,0.479018535,0.043207459
16.715,0.493244874,0.492383277,0.493519018,0.47953766,0.043413276
16.7498,0.493127383,0.494341451,0.493793162,0.480438419,0.043648257
16.7846,0.493529018,0.494351451,0.494429778,0.47978264,0.043501603
16.8195,0.494155633,0.494351451,0.493294037,0.4806834,0.043540767
16.8545,0.493059056,0.494155633,0.493881489,0.480370092,0.044089055
16.8895,0.493734835,0.494635595,0.493421527,0.480458419,0.044569017
16.9246,0.492755748,0.495183883,0.493304037,0.481163362,0.045038979
16.9598,0.492413277,0.493940652,0.49323571,0.481251689,0.04461818
16.995,0.492609095,0.493549018,0.493862326,0.482074122,0.045440613
17.0303,0.491904152,0.493744835,0.494214797,0.482387429,0.045088142
17.0658,0.492149133,0.4933632,0.491835825,0.48173165,0.045803085
17.1012,0.49144419,0.49312822,0.492658258,0.480243439,0.04631221
17.1368,0.491493354,0.492472441,0.492746585,0.482329102,0.04632221
17.1724,0.4913367,0.490905902,0.492903239,0.482054958,0.045695594
17.2081,0.491845825,0.491650008,0.492511604,0.481780814,0.045852248
17.2439,0.492129969,0.492443277,0.492286623,0.481869141,0.046018902
17.2797,0.491855825,0.491033392,0.491777498,0.481908304,0.044961488
17.3156,0.491395864,0.492218296,0.490965065,0.481683323,0.045088979
17.3516,0.492100806,0.492649095,0.491591681,0.482270775,0.043404949
17.3877,0.492218296,0.492805748,0.491552517,0.481839977,0.044893161
17.4238,0.494068979,0.491836662,0.49148419,0.484082295,0.043963238
17.4601,0.492933239,0.492071643,0.492502441,0.482711574,0.04364993
17.4963,0.493687345,0.492904075,0.492199133,0.483504843,0.043268296
17.5327,0.493139056,0.49329571,0.493883162,0.481703323,0.043699094
17.5692,0.491455027,0.49317822,0.49329571,0.481977468,0.044169055
17.6057,0.493501527,0.492248296,0.494441451,0.482026631,0.044414036
17.6423,0.492365787,0.492013316,0.493384037,0.48359317,0.044179055
17.6789,0.492454114,0.49241495,0.493041566,0.483289862,0.043954075
17.7157,0.490574267,0.493981489,0.494412287,0.482859064,0.043758257
17.7525,0.490858412,0.493639018,0.494030652,0.483652333,0.043102478
17.7894,0.490584267,0.493913162,0.494657268,0.484318112,0.044199055
17.8264,0.490701758,0.495558028,0.495205557,0.484278949,0.044081565
17.8634,0.490320123,0.494393124,0.495724682,0.48452393,0.04460069
17.9006,0.489889325,0.493570691,0.49513723,0.486012141,0.045148979
17.9378,0.492797421,0.493698181,0.49526472,0.485003891,0.044884834
17.9751,0.491700844,0.494677268,0.495930499,0.485982978,0.045080652
18.0124,0.490604267,0.494403124,0.496047989,0.485904651,0.044179892
18.0499,0.491280046,0.495744682,0.495588028,0.485248872,0.045247306
18.0874,0.49245495,0.495000576,0.49425647,0.48646294,0.045051488
18.125,0.492778258,0.495088903,0.495441374,0.487256209,0.045257306
18.1626,0.492739095,0.495754682,0.495245557,0.487569517,0.044983161
18.2004,0.49247495,0.495568864,0.495255557,0.487187882,0.045502286
18.2382,0.492004989,0.496038826,0.496038826,0.488597767,0.045228142
18.2761,0.49247495,0.49529472,0.496038826,0.487853661,0.045306469
18.3141,0.492759095,0.494913085,0.495069739,0.489704344,0.045355632
18.3522,0.492406623,0.494834758,0.496048826,0.488294459,0.044885671
18.3903,0.492220806,0.495863009,0.496528787,0.487403699,0.04556145
18.4286,0.491672517,0.495236393,0.495158066,0.48853944,0.045835594
18.4669,0.490820921,0.495089739,0.496852095,0.488862748,0.044122402
18.5053,0.491173392,0.494854758,0.496969586,0.488118642,0.045023161
18.5437,0.490311796,0.495246393,0.496460461,0.488471113,0.045101488
18.5823,0.490125979,0.496431297,0.496901259,0.48855944,0.044289055
18.6209,0.491261719,0.495530537,0.497527874,0.490204306,0.0445632
18.6596,0.490135979,0.496206316,0.498125326,0.49037096,0.043124151
18.6984,0.491271719,0.495932172,0.49738122,0.489744344,0.044612363
18.7372,0.491046738,0.496686278,0.497195403,0.49061594,0.045092325
18.7762,0.490185142,0.495550537,0.497469547,0.490459286,0.045679777
18.8152,0.490704267,0.49626548,0.496813768,0.490586777,0.045572286
18.8543,0.490939248,0.495913009,0.497322893,0.4915267,0.047334642
18.8935,0.492114152,0.49548221,0.497087913,0.491605027,0.047256316
18.9328,0.490714267,0.496118826,0.497254566,0.490910085,0.047344642
18.9721,0.491458373,0.495609701,0.497450384,0.492711604,0.047971258
19.0115,0.491703354,0.495776355,0.497695365,0.492682441,0.047472133
19.0511,0.490567613,0.49538472,0.496167989,0.492995748,0.047472133
19.0907,0.491204229,0.495825518,0.497901182,0.492692441,0.047051335
19.1303,0.491243392,0.495198903,0.497901182,0.492144152,0.047207989
19.1701,0.491801681,0.494033999,0.497793692,0.493524874,0.047805441
19.2099,0.492741604,0.494543124,0.497167076,0.494347306,0.047257152
19.2498,0.493094075,0.493094075,0.496932095,0.49258495,0.046160575
19.2899,0.493025748,0.495767191,0.495493047,0.492986585,0.046288065
19.33,0.493534874,0.495101412,0.496354643,0.492399133,0.04679719
19.3701,0.49338822,0.495346393,0.495933845,0.493153239,0.045632286
19.4104,0.490803431,0.494563124,0.496090499,0.493270729,0.046063085
19.4507,0.492105825,0.494886431,0.495238903,0.49351571,0.04568145
19.4911,0.491949171,0.494651451,0.495082249,0.492575787,0.045093998
19.5317,0.492429133,0.493682364,0.495523047,0.493682364,0.045221488
19.5723,0.491959171,0.49532723,0.495758028,0.492703277,0.044751527
19.6129,0.492439133,0.496237989,0.495219739,0.492478296,0.044839854
19.6537,0.492360806,0.493770691,0.495728864,0.492830768,0.044252402
19.6945,0.492057498,0.494485633,0.495112249,0.491391719,0.04481069
19.7355,0.492879931,0.495973845,0.495386393,0.492605787,0.045437306
19.7765,0.491548373,0.494877268,0.496247989,0.493193239,0.044575709
19.8176,0.493634037,0.494025672,0.496140499,0.492380806,0.046778863
19.8588,0.492968258,0.494652287,0.495905518,0.492850768,0.04583894
19.9,0.493722364,0.493879018,0.497051259,0.494388143,0.046318902
19.9414,0.492116662,0.49266495,0.496972932,0.493056585,0.045261488
19.9828,0.491500046,0.49357571,0.496317153,0.493497383,0.047347152
20.0244,0.490951758,0.49459396,0.497217913,0.493497383,0.047542969
20.066,0.491510046,0.493859854,0.497188749,0.49358571,0.046691373
20.1077,0.490609286,0.493350729,0.49742373,0.494329816,0.04688719
20.1495,0.490736777,0.494535633,0.496963768,0.494888104,0.047484642
20.1914,0.492303316,0.493282402,0.497629547,0.494457306,0.047288825
20.2333,0.491334229,0.492274152,0.49654297,0.495720537,0.047259662
20.2754,0.492939931,0.492861604,0.496073009,0.495093922,0.046985517
20.3175,0.491030921,0.494281489,0.49733624,0.494712287,0.047543806
20.3597,0.49349822,0.494281489,0.497297076,0.494868941,0.047113008
20.402,0.49272495,0.4937432,0.49656297,0.494213162,0.048180421
20.4444,0.492920768,0.493860691,0.49644548,0.496132172,0.048102094
20.4869,0.493322402,0.492343316,0.49543723,0.494418979,0.047681296
20.5295,0.493674874,0.494928104,0.495398066,0.493870691,0.048817037
20.5722,0.494389816,0.493998181,0.495956355,0.495212249,0.047769623
20.6149,0.493371566,0.493332402,0.495251412,0.494781451,0.04773046
20.6578,0.495251412,0.493684874,0.495995518,0.492940768,0.046398902
20.7007,0.494203999,0.494321489,0.495809701,0.495026431,0.048327912
20.7437,0.495143922,0.494478143,0.495653047,0.493929854,0.048562893
20.7868,0.493822364,0.494096508,0.495780537,0.49456647,0.046536392
20.83,0.492921604,0.494488143,0.495506393,0.495310576,0.047241335
20.8733,0.49355822,0.493597383,0.495673047,0.49469396,0.047251335
20.9167,0.493714874,0.494968104,0.494263162,0.495046431,0.04787795
20.9601,0.49278495,0.494194835,0.495134758,0.495056431,0.047222171
21.0037,0.493529056,0.495291412,0.494782287,0.494743124,0.048005441
21.0474,0.493734874,0.49471396,0.494400652,0.494870614,0.047858787
21.0911,0.4938132,0.495653883,0.49471396,0.494087345,0.048015441
21.1349,0.493470729,0.495820537,0.495468066,0.495389739,0.04869122
21.1789,0.49358822,0.496173009,0.495193922,0.494958941,0.049396162
21.2229,0.49371571,0.495908864,0.494538143,0.497357913,0.048505402
21.267,0.493872364,0.495830537,0.495047268,0.497162095,0.049758633
21.3112,0.493686547,0.496114682,0.495174758,0.496271335,0.05074772
21.3554,0.493490729,0.495292249,0.494391489,0.49744624,0.050630229
21.3998,0.494362326,0.496046355,0.495576393,0.497299586,0.051501826
21.4443,0.492874114,0.49655548,0.496790461,0.497730384,0.051384335
21.4889,0.492179171,0.495860537,0.496330499,0.496839624,0.051707643
21.5335,0.493471566,0.496408826,0.495899701,0.49668297,0.051433499
21.5783,0.493520729,0.495870537,0.494069018,0.497907038,0.051835134
21.6231,0.492071681,0.495870537,0.495635557,0.495478903,0.051404335
21.668,0.492551643,0.495958864,0.496037191,0.496467989,0.051845134
21.7131,0.494000691,0.494940614,0.49670297,0.495058104,0.050866047
21.7582,0.493854037,0.494872287,0.497222095,0.494519816,0.05079772
21.8034,0.492835787,0.494558979,0.496556316,0.496282172,0.051228518
21.8487,0.494216508,0.495273922,0.496957951,0.496683807,0.051081864
21.8941,0.493991527,0.495009778,0.49661548,0.495166431,0.050073614
21.9396,0.4939132,0.495479739,0.496576316,0.497242095,0.050582739
21.9852,0.493531566,0.494197345,0.496547153,0.497252095,0.04980947
22.0309,0.493022441,0.49572472,0.497957038,0.496860461,0.051336845
22.0767,0.493384912,0.496478826,0.497457913,0.49663548,0.049780306
22.1225,0.491465902,0.496204682,0.49753624,0.497066278,0.050798556
22.1685,0.49077096,0.494883124,0.496841297,0.496332172,0.050495249
22.2146,0.491319248,0.494569816,0.497428749,0.496488826,0.051709316
22.2607,0.491681719,0.494658143,0.498026201,0.497007951,0.050779393
22.307,0.493013277,0.494188181,0.497477913,0.496929624,0.050309431
22.3533,0.493062441,0.494511489,0.497879547,0.497527076,0.050671903
22.3998,0.493571566,0.4939632,0.496626316,0.497174605,0.05098521
22.4464,0.492171681,0.493659893,0.497615403,0.497497913,0.050642739
22.493,0.492367498,0.492798296,0.498281182,0.497732893,0.051386845
22.5397,0.493669893,0.494727306,0.496998787,0.498408672,0.051083537
22.5866,0.492769133,0.4939832,0.496293845,0.498056201,0.050456922
22.6335,0.492739969,0.494189018,0.495755557,0.49861449,0.05293422
22.6805,0.492700806,0.494541489,0.495324758,0.498301182,0.051994297
22.7277,0.491770883,0.494199018,0.495608903,0.497997874,0.052630913
22.7749,0.49084096,0.495070614,0.494091527,0.497381259,0.053502509
22.8222,0.490214344,0.494052364,0.495188104,0.498242855,0.052875893
22.8696,0.490459325,0.494219018,0.494767306,0.498448672,0.054060797
22.9172,0.490302671,0.494414835,0.494179854,0.497352095,0.053904143
22.9648,0.490704306,0.494346508,0.495560576,0.498027874,0.053130874
23.0125,0.491017613,0.494385672,0.496304682,0.497832057,0.052621749
23.0603,0.491575902,0.493259931,0.496393009,0.498233692,0.053375855
23.1082,0.492359171,0.49302495,0.497293768,0.498546999,0.053062547
23.1563,0.492721643,0.493426585,0.497068787,0.498282855,0.053033384
23.2044,0.491977537,0.494718979,0.497382095,0.500006048,0.052641749
23.2526,0.492653316,0.495198941,0.497509586,0.498097038,0.051672662
23.3009,0.493123277,0.495394758,0.498449509,0.499389432,0.051790153
23.3493,0.493289931,0.495404758,0.498146201,0.499046961,0.052074297
23.3978,0.493613239,0.495923883,0.496276355,0.49870449,0.053455018
23.4464,0.492555825,0.494788143,0.496041374,0.498861144,0.051810153
23.4952,0.493740729,0.495463922,0.496286355,0.49883198,0.052094297
23.544,0.494406508,0.495424758,0.495189778,0.499223615,0.052525095
23.5929,0.493398258,0.495356431,0.495748066,0.499351105,0.053161711
23.6419,0.493398258,0.49500396,0.495748066,0.498332855,0.053318365
23.6911,0.493917383,0.49489647,0.493917383,0.5006535,0.053641672
23.7403,0.494191527,0.494309018,0.495483922,0.499674413,0.054229124
23.7896,0.492556662,0.494867306,0.494593162,0.500154375,0.054787413
23.8391,0.494172364,0.494759816,0.495543085,0.498832817,0.05499323
23.8886,0.492684152,0.494759816,0.495621412,0.498911144,0.055110721
23.9382,0.492733316,0.495396431,0.495435595,0.500409355,0.055238211
23.988,0.493673239,0.495122287,0.494573999,0.500291865,0.054298288
24.0378,0.493056623,0.496150537,0.496189701,0.49991023,0.054778249
24.0877,0.491842556,0.495602249,0.495719739,0.49979274,0.054817413
24.1378,0.492557498,0.49506396,0.495494758,0.49992023,0.053535018
24.188,0.492410844,0.494564835,0.495191451,0.500047721,0.053623345
24.2382,0.492959133,0.49495647,0.496327191,0.500086884,0.054876576
24.2886,0.492969133,0.494888143,0.495162287,0.500292701,0.054729922
24.339,0.49304746,0.496141374,0.493752402,0.500292701,0.054612432
24.3896,0.49125594,0.496151374,0.494741489,0.5007335,0.054387451
24.4403,0.491099286,0.496582172,0.494506508,0.49983274,0.054309124
24.4911,0.492127537,0.496827153,0.494516508,0.501330952,0.054436615
24.542,0.4921767,0.496484682,0.49307746,0.501184298,0.054015817
24.593,0.492333354,0.49781624,0.493939056,0.500792663,0.056248134
24.6441,0.492852479,0.497199624,0.493753239,0.500411028,0.055944827
24.6952,0.492852479,0.496416355,0.494536508,0.500411028,0.055709846
24.7466,0.492627498,0.495486431,0.494311527,0.498893653,0.055054067
24.798,0.492705825,0.49693548,0.494429018,0.49999023,0.055837336
24.8495,0.49412571,0.497650422,0.494752326,0.500470192,0.056630605
24.9011,0.495506431,0.496837989,0.494292364,0.501185134,0.057306384
24.9529,0.494527345,0.497895403,0.494292364,0.500989317,0.05691475
25.0047,0.49516396,0.497435441,0.494850652,0.5008035,0.057120567
25.0567,0.493401604,0.496808826,0.493910729,0.501900077,0.056689769
25.1087,0.494547345,0.497367114,0.494782326,0.501557606,0.057757183
25.1609,0.493539095,0.497455441,0.495575595,0.50195924,0.05784551
25.2132,0.494204874,0.497063807,0.495379778,0.501489279,0.056983913
25.2656,0.493784075,0.496447191,0.494567345,0.50185175,0.05809049
25.3181,0.491825902,0.496486355,0.496251374,0.50106848,0.058051327
25.3707,0.492854152,0.496574682,0.494968979,0.501039317,0.057787183
25.4234,0.492120046,0.495918903,0.49599723,0.50198924,0.058619615
25.4762,0.492707498,0.496349701,0.497289624,0.502224221,0.057836346
25.5291,0.493265787,0.495498104,0.496438028,0.502547529,0.057415548
25.5822,0.492795825,0.495733085,0.496594682,0.501255134,0.058316308
25.6353,0.493784912,0.497270461,0.496291374,0.501460952,0.057817183
25.6886,0.49410822,0.496301374,0.495596431,0.50111848,0.05814049
25.742,0.493677421,0.496105557,0.495948903,0.49998274,0.057944673
25.7955,0.494079056,0.496311374,0.49627221,0.501520115,0.058542125
25.849,0.493060806,0.496193883,0.496193883,0.501480952,0.058267981
25.9028,0.494793999,0.495303124,0.495812249,0.501490952,0.058552125
25.9566,0.49413822,0.496096393,0.495234797,0.501187644,0.058287981
26.0105,0.493903239,0.495078143,0.49425571,0.501383461,0.058444635
26.0645,0.493678258,0.494030729,0.495205633,0.501863423,0.057906346
26.1187,0.49324746,0.494813999,0.494304874,0.501550115,0.057984673
26.173,0.493218296,0.495058979,0.494784835,0.501677606,0.058073
26.2273,0.491740085,0.495578104,0.494089893,0.501883423,0.058396308
26.2818,0.49134845,0.494207383,0.495108143,0.501374298,0.058552962
26.3364,0.493042479,0.494491527,0.495157306,0.502520038,0.057779692
26.3911,0.494227383,0.494697345,0.494658181,0.502334221,0.058337981
26.446,0.492621681,0.495128143,0.495911412,0.501942586,0.05912125
26.5009,0.493336623,0.493532441,0.495882249,0.501874259,0.058465471
26.556,0.492944989,0.494002402,0.496783009,0.501286807,0.059170414
26.6112,0.492563354,0.493855748,0.496636355,0.501296807,0.0601595
26.6664,0.492964989,0.493748258,0.496411374,0.50201175,0.060286991
26.7218,0.493865748,0.493669931,0.495667268,0.501815932,0.06095277
26.7774,0.493836585,0.493366623,0.495481451,0.500494375,0.061276077
26.833,0.492162556,0.492358373,0.495060652,0.500269394,0.061677712
26.8887,0.491614267,0.493494114,0.49435571,0.500817682,0.062695962
26.9446,0.492290046,0.492916662,0.4944832,0.500279394,0.061648549
27.0006,0.492055065,0.493895748,0.494835672,0.501454298,0.061648549
27.0567,0.492613354,0.495354797,0.493788258,0.501777606,0.061658549
27.1129,0.492623354,0.494189893,0.49426822,0.502140077,0.062177674
27.1692,0.49234921,0.494581527,0.493915748,0.502492548,0.060885279
27.2257,0.490949325,0.494748181,0.494160729,0.503834106,0.060346991
27.2822,0.493583277,0.494014075,0.494014075,0.50411825,0.061492731
27.3389,0.493465787,0.494014075,0.494014075,0.503413308,0.061845202
27.3957,0.492927498,0.49339746,0.494219893,0.503540798,0.062638472
27.4526,0.492663354,0.493642441,0.494895672,0.503472471,0.061630222
27.5097,0.494464874,0.493681604,0.495639778,0.503511635,0.062452654
27.5668,0.493730768,0.494396547,0.49341746,0.502620875,0.063676722
27.6241,0.494014912,0.494406547,0.493349133,0.501573461,0.063843376
27.6815,0.492879171,0.49342746,0.495503124,0.502278404,0.064352501
27.739,0.49241921,0.492810844,0.497157989,0.500761028,0.064871626
27.7966,0.493212479,0.494230729,0.497637951,0.500771028,0.064607482
27.8544,0.49062769,0.493799931,0.496658864,0.500849355,0.06515577
27.9122,0.493614114,0.493809931,0.498000422,0.500781028,0.065400751
27.9702,0.491734267,0.494554037,0.497922095,0.500467721,0.064499991
28.0283,0.491274306,0.494329056,0.497148826,0.500595211,0.064979953
28.0865,0.493203316,0.494456547,0.497824605,0.502720038,0.065029116
28.1449,0.491832594,0.495043999,0.496806355,0.502680875,0.065538242
28.2034,0.493174152,0.494779854,0.496503047,0.50308251,0.065234934
28.262,0.493379969,0.494750691,0.496943845,0.502935856,0.06598904
28.3207,0.492440046,0.495925595,0.496278066,0.504345741,0.066341511
28.3795,0.492450046,0.495230652,0.495622287,0.503650798,0.066860636
28.4385,0.492655864,0.495397306,0.496650537,0.503034183,0.068006377
28.4975,0.492068412,0.495318979,0.495397306,0.502446731,0.067693069
28.5568,0.491647613,0.495407306,0.495916431,0.501908442,0.068877973
28.6161,0.489856094,0.495182326,0.496435557,0.501957606,0.067908886
28.6755,0.49071769,0.494399056,0.496983845,0.50144848,0.068026377
28.7351,0.491471796,0.494213239,0.496719701,0.502320077,0.067644742
28.7948,0.491795104,0.493870768,0.498335403,0.500841865,0.067889723
28.8546,0.491374306,0.494742364,0.497679624,0.501321827,0.067312271
28.9146,0.493019171,0.495212326,0.497013845,0.499716124,0.068056377
28.9746,0.49447822,0.495026508,0.496162249,0.500196086,0.067243944
29.0348,0.494644874,0.495545633,0.496759701,0.500127759,0.068350521
29.0951,0.494331566,0.495545633,0.495545633,0.501146009,0.0690163
29.1556,0.497043845,0.496103922,0.495751451,0.501469317,0.069300444
29.2162,0.49666221,0.49654472,0.495134835,0.503006692,0.069310444
29.2768,0.495448143,0.497132172,0.495134835,0.502771711,0.07017204
29.3377,0.494792364,0.497063845,0.495967268,0.503290837,0.070808656
29.3986,0.494410729,0.497387153,0.496838864,0.504005779,0.07097531
29.4597,0.493705787,0.497896278,0.49668221,0.503574981,0.070779492
29.5209,0.492580046,0.498454566,0.49645723,0.505112356,0.072708502
29.5822,0.491023507,0.497877114,0.495488143,0.503594981,0.072170214
29.6437,0.491454306,0.497955441,0.495723124,0.503673308,0.07189607
29.7053,0.490054421,0.495850614,0.496242249,0.502900038,0.073002647
29.767,0.491552633,0.495743124,0.496017268,0.502792548,0.072464358
29.8288,0.491797613,0.495518143,0.496928028,0.503076692,0.073531772
29.8908,0.492972517,0.493990768,0.496653883,0.502528404,0.073649262
29.9529,0.492747537,0.494353239,0.496389739,0.502342586,0.07307181
30.0151,0.494010768,0.493266662,0.497183009,0.501021028,0.074335041
30.0774,0.49369746,0.493736623,0.496360576,0.501060192,0.074060897
30.1399,0.493668296,0.493746623,0.496958028,0.501814298,0.07501082
30.2025,0.494422402,0.494539893,0.497203009,0.501041028,0.074981657
30.2653,0.49384495,0.494784874,0.496899701,0.500933538,0.075970743
30.3282,0.493884114,0.495411489,0.497408826,0.500385249,0.075618272
30.3912,0.492993354,0.496243922,0.497066355,0.499455326,0.075354128
30.4543,0.492415902,0.496449739,0.496488903,0.500131105,0.076304051
30.5176,0.492807537,0.496998028,0.496958864,0.500601067,0.076499868
30.5809,0.492660883,0.496028941,0.49681221,0.500846048,0.075609109
30.6445,0.492240085,0.496469739,0.49760548,0.500190269,0.076284888
30.7081,0.492328412,0.496283922,0.497967951,0.500591903,0.077313138
30.7719,0.492445902,0.495226508,0.497889624,0.49965198,0.07880135
30.8359,0.494061604,0.495902287,0.49774297,0.500445249,0.079555455
30.8999,0.49391495,0.495638143,0.498144605,0.499593653,0.08074036
30.9641,0.492975027,0.495559816,0.498888711,0.499828634,0.080818686
31.0284,0.49200594,0.495530652,0.498859547,0.500034451,0.080397888
31.0929,0.492094267,0.496402249,0.49879122,0.500240269,0.081543629
31.1575,0.492848373,0.496255595,0.498096278,0.49970198,0.081083667
31.2222,0.491477652,0.497117191,0.497313009,0.500054451,0.081984427
31.2871,0.491605142,0.497636316,0.496343922,0.501082701,0.083051841
31.3521,0.491497652,0.497607153,0.49678472,0.501445173,0.082591879
31.4172,0.493270008,0.497186355,0.496403085,0.500985211,0.083032677
31.4824,0.492251758,0.49679472,0.495933124,0.50165099,0.084481726
31.5478,0.493162517,0.497313845,0.496843883,0.500956048,0.084374235
31.6134,0.493603316,0.497167191,0.496775557,0.500417759,0.084658379
31.6791,0.493456662,0.497373009,0.497255518,0.500936884,0.085099178
31.7449,0.493339171,0.497373009,0.497412172,0.500388596,0.084315908
31.8108,0.493349171,0.497383009,0.498440422,0.500751067,0.085657466
31.8769,0.493320008,0.496923047,0.497236355,0.500604413,0.085040851
31.9431,0.492860046,0.497050537,0.49787297,0.501162701,0.086264918
32.0094,0.492272594,0.496580576,0.495914797,0.502298442,0.085794957
32.0759,0.491773469,0.496590576,0.496512249,0.502465096,0.08572663
32.1426,0.492253431,0.49777548,0.496835557,0.502553423,0.08585412
32.2093,0.493007537,0.497393845,0.496101451,0.503307529,0.08676488
32.2762,0.493673316,0.498412095,0.496806393,0.503229202,0.087039024
32.3433,0.492430085,0.497834643,0.496072287,0.503865817,0.088302255
32.4105,0.493654152,0.497531335,0.496473922,0.504110798,0.090074611
32.4778,0.49319419,0.497228028,0.496405595,0.502319279,0.091846967
32.5453,0.493781643,0.49679723,0.496718903,0.502632586,0.093452669
32.6129,0.493830806,0.496846393,0.497238028,0.502094298,0.093971794
32.6806,0.493449171,0.496073124,0.497757153,0.50371,0.095548333
32.7485,0.493968296,0.495730652,0.496866393,0.504229125,0.095675824
32.8165,0.493067537,0.496239778,0.497414682,0.503015058,0.096889891
32.8847,0.493195027,0.496406431,0.497659662,0.503103385,0.096234112
32.953,0.493361681,0.496573085,0.498178787,0.502055971,0.094716737
33.0215,0.493293354,0.495721489,0.497797153,0.501596009,0.095157535
33.0901,0.494830729,0.496710576,0.49788548,0.502310952,0.094854227
33.1588,0.493303354,0.496906393,0.49800297,0.500979394,0.095285025
33.2277,0.492490921,0.497699662,0.498992057,0.500245288,0.095020881
33.2967,0.493675825,0.497396355,0.497827153,0.500921067,0.09659742
33.3659,0.491688488,0.497445518,0.498620422,0.501087721,0.097077382
33.4352,0.491933469,0.496711412,0.498356278,0.501606846,0.099202209
33.5046,0.492560085,0.496593922,0.497181374,0.500040307,0.100886238
33.5742,0.491943469,0.496799739,0.497700499,0.501225211,0.101914488
33.644,0.492501758,0.496457268,0.496770576,0.50088274,0.103099392
33.7138,0.49129769,0.496075633,0.496467268,0.500579432,0.102796084
33.7839,0.49208096,0.495644835,0.497446355,0.501127721,0.103501027
33.854,0.491581834,0.495772326,0.496829739,0.502469279,0.104059315
33.9244,0.491356854,0.4952732,0.496487268,0.501382701,0.104735094
33.9948,0.4912102,0.493912479,0.497437191,0.502019317,0.105763345
34.0654,0.491141873,0.494392441,0.496859739,0.502420952,0.106204143
34.1362,0.492473431,0.494509931,0.497290537,0.501794336,0.106478287
34.2071,0.491308527,0.494715748,0.497065557,0.501726009,0.10832897
34.2782,0.49225845,0.493981643,0.497193047,0.501696846,0.108064826
34.3494,0.490780238,0.494579095,0.496537268,0.501158557,0.110189653
34.4207,0.490398603,0.494745748,0.496351451,0.501403538,0.111844519
34.4922,0.490996055,0.4953432,0.496478941,0.501922663,0.112637788
34.5639,0.492053469,0.495304037,0.496165633,0.501726846,0.113734365
34.6357,0.489948642,0.495392364,0.495627345,0.50099274,0.115193413
34.7076,0.491329363,0.49512822,0.494854075,0.501081067,0.116730789
34.7797,0.490086132,0.494002479,0.495412364,0.501365211,0.118150674
34.8519,0.490957729,0.494090806,0.496009816,0.500826923,0.119374741
34.9243,0.491819325,0.493934152,0.495696508,0.501610192,0.12094128
34.9969,0.491006892,0.493983316,0.496333124,0.500366961,0.121695386
35.0696,0.489841988,0.495755672,0.497048066,0.500533615,0.122566982
35.1424,0.489812824,0.495256547,0.496548941,0.501366048,0.123712723
35.2154,0.491741834,0.496989739,0.496872249,0.502276807,0.125406752
35.2886,0.491712671,0.496255633,0.490146132,0.502247644,0.126200021
35.3619,0.491830161,0.496373124,0.490067805,0.502639279,0.127688233
35.4353,0.493954989,0.49532571,0.491566017,0.502375134,0.128990627
35.5089,0.493730008,0.49533571,0.490440276,0.503795019,0.131546253
35.5827,0.494836585,0.495032402,0.490920238,0.50302175,0.132574503
35.6566,0.494611604,0.4954732,0.489911988,0.50405,0.133916061
35.7306,0.494034152,0.494660768,0.490548603,0.503590038,0.136001725
35.8049,0.495444037,0.495404874,0.490235296,0.502845932,0.138508187
35.8792,0.494279133,0.495884835,0.488639593,0.502581788,0.140319706
35.9538,0.494798258,0.496208143,0.490999402,0.50227848,0.141622101
36.0284,0.494612441,0.495630691,0.494651604,0.502131827,0.142885332
36.1033,0.493878335,0.496149816,0.495170729,0.502337644,0.144070236
36.1783,0.49247845,0.495494037,0.496473124,0.502112663,0.145411794
36.2534,0.493193392,0.494329133,0.496639778,0.502631788,0.146479207
36.3287,0.492958412,0.494172479,0.496208979,0.503140913,0.148633198
36.4042,0.494809095,0.493830008,0.497511374,0.502759279,0.150053083
36.4798,0.494505787,0.493683354,0.496542287,0.503630875,0.151786276
36.5555,0.496160652,0.495024912,0.497139739,0.502896769,0.153636959
36.6315,0.496562287,0.495661527,0.497032249,0.503102586,0.156310074
36.7076,0.495749854,0.497120576,0.49727723,0.502290154,0.157769123
36.7838,0.495642364,0.496582287,0.498266316,0.502456807,0.160207258
36.8602,0.495524874,0.497052249,0.497091412,0.502574298,0.162870374
36.9368,0.495339056,0.497610537,0.497375557,0.503876692,0.165191018
37.0135,0.495074912,0.496915595,0.496641451,0.503495058,0.167041701
37.0904,0.495163239,0.497865518,0.49653396,0.502643461,0.169910634
37.1674,0.495251566,0.496857268,0.496191489,0.503358404,0.172348769
37.2446,0.495222402,0.496788941,0.496162326,0.503133423,0.174277779
37.322,0.495271566,0.496720614,0.495506547,0.500911105,0.176715914
37.3995,0.49657396,0.496338979,0.496221489,0.500529471,0.179310703
37.4772,0.495164075,0.495751527,0.496887268,0.500333653,0.181738838
37.555,0.494429969,0.495330729,0.495839854,0.500617797,0.183511194
37.633,0.494635787,0.495340729,0.495105748,0.500040345,0.186105983
37.7112,0.493470883,0.494332479,0.496838941,0.500637797,0.190619782
37.7895,0.492345142,0.494616623,0.495987345,0.501705211,0.193841187
37.868,0.492041834,0.495253239,0.495174912,0.500736124,0.196788447
37.9467,0.492874267,0.496007345,0.495028258,0.501686048,0.200323159
38.0255,0.491239402,0.496291489,0.495038258,0.50150023,0.203192092
38.1045,0.492150161,0.497202249,0.494813277,0.501706048,0.205904371
38.1836,0.491719363,0.496262326,0.494460806,0.500413653,0.208880795
38.2629,0.4916902,0.496076508,0.493765864,0.501206923,0.212532998
38.3424,0.491935181,0.496008181,0.493501719,0.499846201,0.215127786
38.422,0.491945181,0.495861527,0.493355065,0.49950373,0.21901497
38.5018,0.49262096,0.496145672,0.49363921,0.499748711,0.22286299
38.5818,0.492552633,0.495333239,0.495098258,0.500111182,0.225849413
38.6619,0.49287594,0.495343239,0.496204835,0.500982778,0.230480703
38.7422,0.494374152,0.494844114,0.497350576,0.501619394,0.233153818
38.8227,0.493326738,0.49481495,0.498339662,0.502686807,0.23735431
38.9033,0.493885027,0.494237498,0.497958028,0.502461827,0.241946435
38.9841,0.494589969,0.493845864,0.498584643,0.502892625,0.245197003
39.0651,0.493268412,0.494012517,0.499103768,0.502354336,0.248418408
39.1462,0.493865864,0.494884114,0.498369662,0.501698557,0.252266428
39.2275,0.492348488,0.494110844,0.498066355,0.500964451,0.254743726
39.309,0.492554306,0.49486495,0.49780221,0.500308672,0.258435092
39.3907,0.492407652,0.495266585,0.49679396,0.501101942,0.261499843
39.4725,0.493240085,0.494610806,0.497861374,0.501464413,0.263937978
39.5545,0.493641719,0.494738296,0.49771472,0.500612817,0.268882575
39.6366,0.492633469,0.495100768,0.499056278,0.501366923,0.272143142
39.7189,0.493740046,0.494640806,0.498048028,0.501886048,0.27618698
39.8014,0.492300998,0.494180844,0.498919624,0.501896048,0.280113327
39.8841,0.49097944,0.495209095,0.498616316,0.502650154,0.284940433
39.9669,0.491420238,0.495140768,0.498313009,0.502777644,0.28886678
40.0499,0.491391075,0.495542402,0.497813883,0.502944298,0.292910617
40.1331,0.491831873,0.495474075,0.497118941,0.502680154,0.297032781
40.2165,0.492967613,0.495669893,0.496844797,0.502171028,0.30040084
40.3,0.493251758,0.496071527,0.49689396,0.501397759,0.304131369
40.3837,0.494358335,0.4960032,0.496551489,0.500154528,0.307039466
40.4676,0.495073277,0.497266431,0.496091527,0.499537913,0.310221707
40.5516,0.494495825,0.495984037,0.496649816,0.499195441,0.313717255
40.6358,0.493213431,0.497286431,0.496268181,0.500889471,0.318661852
40.7202,0.49310594,0.49694396,0.496513162,0.501056124,0.321883257
40.8048,0.493625065,0.496092364,0.496327345,0.500831144,0.325927094
40.8896,0.493752556,0.496180691,0.496376508,0.500958634,0.330245076
40.9745,0.495172441,0.494819969,0.4960732,0.501125288,0.335150509
41.0596,0.495691566,0.495025787,0.4960832,0.500978634,0.338646058
41.1449,0.496719816,0.495035787,0.496171527,0.500949471,0.342259097
41.2303,0.494536662,0.496338181,0.495437421,0.501311942,0.346263771
41.316,0.494664152,0.495486585,0.494820806,0.501243615,0.350660079
41.4018,0.493538412,0.496162364,0.49498746,0.502311028,0.353059051
41.4878,0.493900883,0.496681489,0.494605825,0.502007721,0.356828744
41.5739,0.493440921,0.495516585,0.495555748,0.502722663,0.360285129
41.6603,0.494586662,0.495409095,0.495604912,0.501753576,0.364054822
41.7468,0.493813392,0.495066623,0.495066623,0.501332778,0.366688774
41.8335,0.493275104,0.494097537,0.495899056,0.501381942,0.37038014
41.9204,0.492619325,0.494929969,0.495791566,0.501548596,0.374502304
42.0075,0.493334267,0.494665825,0.496114874,0.502106884,0.376313824
42.0947,0.492326017,0.494714989,0.496399018,0.501294451,0.380044353
42.1821,0.492022709,0.495664912,0.497466431,0.499698749,0.383774883
42.2697,0.49226769,0.494460844,0.496732326,0.500178711,0.38499895
42.3575,0.492708488,0.494666662,0.498504682,0.499797076,0.387006287
42.4455,0.493423431,0.493266777,0.497653085,0.499376278,0.390031874
42.5336,0.492806815,0.494999969,0.497858903,0.500247874,0.393331606
42.622,0.494187537,0.494500844,0.497242287,0.500610345,0.396592174
42.7105,0.494001719,0.49525495,0.49807472,0.500659509,0.398873655
42.7992,0.495186623,0.495069133,0.49820221,0.500943653,0.402760838
42.8881,0.494648335,0.49413921,0.498525518,0.500327038,0.404768175
42.9772,0.495480768,0.496694835,0.498770499,0.500846163,0.40708882
43.0664,0.494981643,0.496822326,0.499093807,0.499328787,0.408547868
43.1559,0.493033469,0.49620571,0.498829662,0.498594682,0.411769272
43.2455,0.492103546,0.495784912,0.499544605,0.498917989,0.413580792
43.3353,0.491996055,0.49622571,0.498418864,0.500259547,0.41582311
43.4253,0.492358527,0.49521746,0.498703009,0.501483615,0.419396985
43.5155,0.493778412,0.495149133,0.498830499,0.501846086,0.421208505
43.6059,0.495041643,0.495198296,0.499349624,0.502678519,0.422510899
43.6964,0.495521604,0.496422364,0.498380537,0.502375211,0.42479238
43.7872,0.496941489,0.495100806,0.499291297,0.502267721,0.426956371
43.8781,0.49718647,0.495815748,0.498126393,0.502121067,0.427436333
43.9693,0.496726508,0.496765672,0.497353124,0.501465288,0.430422756
44.0606,0.496384037,0.496853999,0.497010652,0.501710269,0.431568497
44.1521,0.495454114,0.497138143,0.4964332,0.50117198,0.432753401
44.2438,0.495464114,0.495934075,0.496913162,0.500946999,0.434799901
44.3357,0.493907575,0.495826585,0.496649018,0.50221023,0.436572257
44.4277,0.494505027,0.49622822,0.497207306,0.502416048,0.437952979
44.52,0.494945825,0.49545495,0.4964732,0.501681942,0.440586931
44.6125,0.495974075,0.495699931,0.497305633,0.502436048,0.442006816
44.7051,0.496062402,0.495631604,0.497002326,0.501584451,0.444327461
44.798,0.494936662,0.495406623,0.497482287,0.502377721,0.446491451
44.891,0.494016738,0.496053239,0.498363883,0.501379471,0.448156317
44.9842,0.494535864,0.495789095,0.49845221,0.501506961,0.449576202
45.0777,0.495994912,0.496269056,0.498109739,0.501321144,0.450682779
45.1713,0.495495787,0.495064989,0.498511374,0.50015624,0.452729279
45.2651,0.49542746,0.496602364,0.49824723,0.500949509,0.453640039
45.3591,0.493910085,0.495202479,0.49825723,0.500215403,0.455059924
45.4533,0.493959248,0.496935672,0.498423883,0.501909432,0.456636463
45.5477,0.494400046,0.496123239,0.498003085,0.501880269,0.457155588
45.6423,0.494253392,0.4966032,0.499070499,0.500989509,0.458967107
45.7371,0.494811681,0.497239816,0.500059586,0.500960345,0.460778627
45.8321,0.494312556,0.496349056,0.499952095,0.500578711,0.462237675
45.9273,0.492716854,0.495654114,0.50047122,0.500549547,0.463265925
46.0226,0.493157652,0.494998335,0.499384643,0.501656124,0.464372503
46.1182,0.491914421,0.495047498,0.498493883,0.50331099,0.465870714
46.214,0.493109325,0.494871681,0.497299816,0.502351903,0.467222272
46.31,0.493667613,0.495704114,0.498053922,0.50142198,0.467153945
46.4062,0.493795104,0.495909931,0.497398143,0.500962018,0.467868888
46.5025,0.494431719,0.496389893,0.49838723,0.500932855,0.466860638
46.5991,0.493188488,0.496399893,0.498279739,0.501569471,0.466635657
46.6959,0.492415219,0.497232326,0.499229662,0.501657797,0.467624743
46.7929,0.492816854,0.496302402,0.500414566,0.501041182,0.469984552
46.89,0.492591873,0.496351566,0.50046373,0.501521144,0.472226869
46.9874,0.494207575,0.496674874,0.500199586,0.501805288,0.47337261
47.085,0.494961681,0.496802364,0.499113009,0.501815288,0.473304283
47.1828,0.494825027,0.496704874,0.498780537,0.501561144,0.472932648
47.2808,0.494678373,0.496166585,0.498516393,0.502119432,0.474979149
47.379,0.493200161,0.496450729,0.497508143,0.502716884,0.474401697
47.4773,0.493092671,0.49579495,0.497557306,0.503431827,0.475625764
47.576,0.49286769,0.495530806,0.497097345,0.503206846,0.475870745
47.6748,0.494600883,0.495344989,0.497303162,0.50360848,0.476585687
47.7738,0.496099095,0.495394152,0.497391489,0.502835211,0.476908995
47.873,0.497009854,0.495364989,0.49673571,0.503080192,0.477858918
47.9724,0.497186508,0.494249248,0.496285748,0.502003615,0.478936332
48.072,0.496452402,0.494885864,0.496217421,0.502326923,0.479455457
48.1719,0.495091681,0.493133507,0.496070768,0.502415249,0.480052909
48.2719,0.496315748,0.495101681,0.497373162,0.502621067,0.480532871
48.3722,0.495503316,0.493662633,0.497578979,0.501965288,0.480817015
48.4726,0.495395825,0.494142594,0.498254758,0.502053615,0.481806102
48.5733,0.495210008,0.494152594,0.498225595,0.503669317,0.483030169
48.6741,0.494397575,0.49478921,0.497687306,0.502935211,0.483862602
48.7752,0.494887537,0.493830123,0.497159018,0.502015288,0.485801612
48.8765,0.493840123,0.494740883,0.496464075,0.501163692,0.485654958
48.978,0.494202594,0.493262671,0.496004114,0.501839471,0.484450891
49.0797,0.492802709,0.493977613,0.495818296,0.501888634,0.483285987
49.1817,0.493243507,0.494340085,0.497120691,0.502486086,0.483726785
49.2838,0.494154267,0.494193431,0.498501412,0.502926884,0.481896102
49.3861,0.493900123,0.494448412,0.497698979,0.50279023,0.483521804
49.4887,0.494027613,0.4950067,0.497904797,0.503466009,0.484080092
49.5915,0.495721643,0.496504912,0.497679816,0.503084375,0.484560054
49.6945,0.496749893,0.496710729,0.497533162,0.50383848,0.485274996
49.7977,0.496485748,0.495898296,0.497112364,0.504357606,0.486107429
49.9011,0.49594746,0.496574075,0.496769893,0.504602586,0.485099179
50.0047,0.494635902,0.495810806,0.496554912,0.504309279,0.485824122
50.1086,0.494685065,0.495624989,0.4971132,0.503575173,0.487087353
50.2126,0.493559325,0.49598746,0.497749816,0.503546009,0.486940699
50.3169,0.494744229,0.495801643,0.497720652,0.503947644,0.487224843
50.4214,0.495850806,0.497260691,0.496869056,0.503448519,0.488409747
50.5261,0.49410845,0.498729739,0.498298941,0.504643423,0.487763968
50.631,0.494157613,0.498778903,0.498191451,0.503987644,0.487538987
50.7362,0.494206777,0.497731489,0.497418181,0.504115134,0.487823132
50.8415,0.494843392,0.496135787,0.497467345,0.502871903,0.488185603
50.9471,0.49504921,0.494970883,0.497164037,0.502646923,0.488038949
51.0529,0.494745902,0.494745902,0.496625748,0.501677836,0.489576324
51.1589,0.494961719,0.495118373,0.496175787,0.501541182,0.490027122
51.2652,0.495245864,0.495598335,0.495715825,0.500611259,0.489567161
51.3716,0.495804152,0.495999969,0.495921643,0.499837989,0.489616324
51.4783,0.496166623,0.49702822,0.495618335,0.500357114,0.490213776
51.5852,0.496930729,0.496695748,0.497244037,0.499907153,0.490312103
51.6923,0.495844152,0.495570008,0.498115633,0.500347951,0.490204613
51.7997,0.49424845,0.495658335,0.4973032,0.499848826,0.490449593
51.9073,0.493044382,0.4952767,0.49707822,0.500798749,0.489676324
52.0151,0.493876815,0.495051719,0.496696585,0.499868826,0.489294689
52.1231,0.494131796,0.494327613,0.4973432,0.499888826,0.489275526
52.2313,0.496099969,0.494572594,0.498841412,0.50005548,0.49034294
52.3398,0.495757498,0.494621758,0.498890576,0.500535441,0.489922141
52.4485,0.495258373,0.49545419,0.500153807,0.499997153,0.490323776
52.5574,0.495200046,0.495670008,0.498685595,0.50021297,0.490343776
52.6665,0.495562517,0.496110806,0.498695595,0.500810422,0.490588757
52.7759,0.496042479,0.495768335,0.498274797,0.502347797,0.490677084
52.8855,0.495112556,0.49628746,0.497658181,0.503415211,0.49053043
52.9953,0.49528921,0.496072479,0.497051566,0.503513538,0.491137882
53.1054,0.495142556,0.496513277,0.496983239,0.503876009,0.490795411
53.2157,0.495661681,0.49632746,0.49824647,0.503376884,0.490217959
53.3262,0.496376623,0.495906662,0.498961412,0.503582701,0.489992978
53.4369,0.4974932,0.496279133,0.499451374,0.503054413,0.49060043
53.5479,0.496954912,0.496054152,0.500048826,0.502751105,0.491158719
53.6591,0.49727822,0.496886585,0.49943221,0.50135122,0.491482026
53.7705,0.497014075,0.497484037,0.500186316,0.500852095,0.491374536
53.8822,0.496955748,0.497464874,0.500167153,0.499658028,0.489945488
53.9941,0.496887421,0.497083239,0.499041412,0.499824682,0.489093891
54.1062,0.495722517,0.496153316,0.499168903,0.500657114,0.489299709
54.2186,0.495145065,0.495223392,0.499061412,0.502272817,0.491620353
54.3311,0.495243392,0.495948335,0.499629701,0.500961259,0.492071151
54.444,0.496114989,0.496702441,0.500892932,0.500971259,0.492120315
54.557,0.497339056,0.496555787,0.499806355,0.500902932,0.492678603
54.6703,0.497124075,0.495361719,0.499708864,0.500922932,0.493011911
54.7839,0.496820768,0.494784267,0.499170576,0.500658787,0.49266944
54.8976,0.497144075,0.494872594,0.499493883,0.500590461,0.491935334
55.0116,0.495900844,0.494647613,0.49856396,0.500796278,0.492728603
55.1259,0.495294229,0.495215902,0.498623124,0.501952018,0.491965334
55.2403,0.495186738,0.495108412,0.49847647,0.502236163,0.492366969
55.355,0.494570123,0.495235902,0.497938181,0.502520307,0.493160238
55.47,0.494237652,0.496979095,0.497997345,0.503245249,0.492514459
55.5852,0.49479594,0.497145748,0.497968181,0.503921028,0.492015334
55.7006,0.495745864,0.497155748,0.498252326,0.504009355,0.49288693
55.8163,0.497136585,0.496940768,0.499173085,0.503911865,0.49459096
55.9322,0.497029095,0.496480806,0.499653047,0.504156846,0.494170161
56.0483,0.497195748,0.496804114,0.498879778,0.505890038,0.494415142
56.1647,0.496040844,0.497059095,0.498821451,0.504265173,0.493416892
56.2813,0.496050844,0.497304075,0.497499893,0.50458848,0.493113584
56.3982,0.495943354,0.496100008,0.497940691,0.5043635,0.492653623
56.5153,0.494621796,0.496579969,0.497402402,0.504021028,0.492585296
56.6327,0.495464229,0.496639133,0.497500729,0.503296923,0.492174498
56.7503,0.495630883,0.496609969,0.497667383,0.504246846,0.492967767
56.8681,0.496815787,0.496580806,0.499048104,0.504178519,0.494152671
56.9862,0.496522479,0.495269248,0.498480652,0.504002701,0.494995104
57.1046,0.497942364,0.494104344,0.498294835,0.50366023,0.494104344
57.2231,0.496865787,0.494163507,0.497296585,0.504111028,0.4938502
57.342,0.4958967,0.493586055,0.496210008,0.503807721,0.493272748
57.461,0.495280085,0.49398769,0.496729133,0.503308596,0.49195119
57.5804,0.495104267,0.493733546,0.496670806,0.504072701,0.493733546
57.7,0.494605142,0.494330998,0.497503239,0.503025288,0.492842786
57.8198,0.495006777,0.494850123,0.4979832,0.502408672,0.493988527
57.9398,0.495614229,0.494987613,0.497846547,0.502506999,0.493303584
58.0602,0.496290008,0.495585065,0.498326508,0.503104451,0.492961113
58.1807,0.495438412,0.495438412,0.498493162,0.503036124,0.492618642
58.3015,0.494009363,0.496045864,0.498473999,0.504544336,0.491855372
58.4226,0.493275257,0.495664229,0.497896547,0.504241028,0.492609478
58.5439,0.493530238,0.496115027,0.498229854,0.504378519,0.493138603
58.6655,0.493853546,0.495733392,0.498044037,0.504349355,0.494636815
58.7873,0.49503845,0.496252517,0.499268104,0.503771903,0.495508412
58.9094,0.49799571,0.496233354,0.49979723,0.503909394,0.495880883
59.0317,0.497418258,0.495734229,0.498475672,0.503841067,0.496008373
59.1543,0.49711495,0.496527498,0.497663239,0.503968557,0.495548412
59.2771,0.497252441,0.496195027,0.497526585,0.504301865,0.495176777
59.4002,0.49714495,0.495421758,0.49714495,0.503176124,0.495304267
59.5236,0.497399931,0.495715902,0.497321604,0.503901067,0.494775979
59.6472,0.497292441,0.496313354,0.498702326,0.50293198,0.495451758
59.771,0.496245027,0.496245027,0.499965557,0.503176961,0.495461758
59.8951,0.4961867,0.496421681,0.499358941,0.502178711,0.496578335
60.0195,0.495570085,0.49709746,0.498546508,0.502893653,0.496549171
60.1441,0.495981719,0.496530008,0.498801489,0.501464605,0.4962167
60.269,0.496540008,0.495404267,0.49904647,0.501513768,0.49610921
60.3942,0.496207537,0.495189286,0.498361527,0.500358864,0.496520844
60.5196,0.494455181,0.494455181,0.497940729,0.500799662,0.496021719
60.6453,0.493016132,0.494817652,0.497559095,0.501592932,0.496070883
60.7712,0.491469593,0.49515096,0.497970729,0.50114297,0.495581758
60.8974,0.492850315,0.494925979,0.498372364,0.500526355,0.494730161
61.0238,0.493771075,0.496551681,0.498274874,0.500624682,0.495259286
61.1506,0.494603507,0.496679171,0.49914647,0.501496278,0.495230123
61.2775,0.494153546,0.497129969,0.500263047,0.501437951,0.495093469
61.4048,0.493732748,0.49737495,0.499881412,0.501134643,0.495808412
61.5323,0.494408527,0.496993316,0.499108143,0.502437038,0.494878488
61.6601,0.4943502,0.497209133,0.498227383,0.502848672,0.493919402
61.7881,0.495300123,0.496122556,0.498981489,0.503602778,0.494125219
61.9164,0.494967652,0.495202633,0.498139893,0.504327721,0.494262709
62.045,0.494977652,0.494076892,0.498580691,0.503828596,0.494781834
62.1738,0.495624267,0.49362693,0.500049739,0.503339471,0.494371036
62.3029,0.494890161,0.494576854,0.500647191,0.502840345,0.494694344
62.4323,0.495380123,0.495615104,0.500510537,0.50211624,0.494322709
62.5619,0.494215219,0.49456769,0.498914835,0.502713692,0.492727007
62.6918,0.495214306,0.495096815,0.497720768,0.50238122,0.49356944
62.822,0.496085902,0.494636854,0.496085902,0.502587038,0.493031151
62.9525,0.49563594,0.496066738,0.497359133,0.503390307,0.49359944
63.0832,0.495959248,0.496233392,0.497682441,0.503400307,0.493139478
63.2142,0.49543096,0.496214229,0.497780768,0.502793692,0.493903584
63.3454,0.495323469,0.496733354,0.498769854,0.500923845,0.493835257
63.477,0.49569594,0.497184152,0.498711527,0.499768941,0.494246892
63.6088,0.495510123,0.498251566,0.498016585,0.499504797,0.495118488
63.7409,0.494942671,0.49752746,0.498349893,0.499877268,0.49549096
63.8732,0.49381693,0.497106662,0.498281566,0.501140499,0.494952671
64.0059,0.494659363,0.498184075,0.498771527,0.500573047,0.495403469
64.1388,0.495805104,0.499682287,0.498037421,0.500191412,0.494551873
64.2719,0.49578594,0.50040723,0.49860571,0.498879854,0.493592786
64.4054,0.495952594,0.49849822,0.4987332,0.499359816,0.494151075
64.5391,0.495972594,0.496677537,0.499458143,0.500358903,0.493936094
64.6731,0.493985257,0.497079171,0.500329739,0.500917191,0.494416055
64.8074,0.492321228,0.496550883,0.500114758,0.500937191,0.494553546
64.942,0.492762026,0.496835027,0.499223999,0.502983692,0.493310315
65.0769,0.494035257,0.49689419,0.499087345,0.504296086,0.492155411
65.212,0.495141834,0.495102671,0.499684797,0.503248672,0.492243738
65.3474,0.496180085,0.495161834,0.500096431,0.503425326,0.492459555
65.4831,0.495406815,0.494701873,0.501124682,0.503709471,0.491882103
65.6191,0.496601719,0.494251911,0.501497153,0.503376999,0.492842026
65.7553,0.49582845,0.495475979,0.50080221,0.503230345,0.492460392
65.8919,0.496710046,0.495026017,0.500117268,0.503720307,0.492950353
66.0287,0.496328412,0.495662633,0.499657306,0.504082778,0.493547805
66.1658,0.497053354,0.495212671,0.49869822,0.504494413,0.494351075
66.3032,0.49601594,0.496329248,0.498757383,0.504749394,0.495428488
66.4408,0.495281834,0.496456738,0.498924037,0.505581827,0.495673469
66.5788,0.4949102,0.497377498,0.498356585,0.505406009,0.496124267
66.717,0.496212594,0.497191681,0.499580652,0.504985211,0.49683921
66.8556,0.496585065,0.497368335,0.499052364,0.504574413,0.49685921
66.9944,0.496908373,0.497065027,0.498749056,0.50364449,0.494597729
67.1335,0.49598845,0.49712419,0.499004037,0.503468672,0.493795296
67.2729,0.497457498,0.49600845,0.498789056,0.503410345,0.493423661
67.4126,0.497232517,0.49601845,0.498564075,0.504360269,0.494647729
67.5526,0.496312594,0.495803469,0.499602326,0.50383198,0.495607652
67.6928,0.496479248,0.496440085,0.499768979,0.503685326,0.494991036
67.8334,0.495441834,0.497556662,0.499514835,0.504723576,0.494619402
67.9743,0.49608845,0.498712402,0.500513922,0.503960307,0.493503661
68.1154,0.497430008,0.49801746,0.499231527,0.504205288,0.492769555
68.2569,0.498194114,0.49725419,0.498820729,0.504734413,0.492006286
68.3986,0.498086623,0.496167613,0.498987383,0.505410192,0.492838719
68.5406,0.497205864,0.494660238,0.500025633,0.504881903,0.494033623
68.6829,0.495737652,0.495541834,0.500750576,0.504666923,0.495071873
68.8255,0.495747652,0.498175787,0.501543845,0.505264375,0.495943469
68.9684,0.4972167,0.498626585,0.501328864,0.506224298,0.494240276
69.1116,0.496600085,0.49812746,0.50118221,0.506077644,0.49428944
69.2551,0.496306777,0.497442517,0.500810576,0.506410952,0.493800315
69.399,0.49534769,0.497188373,0.500282287,0.5058435,0.495621834
69.5431,0.495710161,0.497002556,0.500488104,0.505187721,0.495161873
69.6875,0.495534344,0.497531681,0.50023396,0.504776923,0.494555257
69.8322,0.494771075,0.497904152,0.500058143,0.504326961,0.495045219
69.9772,0.494976892,0.498109969,0.500812249,0.50410198,0.496582594
70.1225,0.496367613,0.497816662,0.499931489,0.50412198,0.495545181
70.2681,0.496857575,0.497445027,0.500891412,0.503632855,0.496583431
70.414,0.497180883,0.497455027,0.500823085,0.503055403,0.497141719
70.5602,0.49637845,0.497357537,0.501313047,0.503897836,0.496809248
70.7067,0.497181719,0.497925825,0.494988565,0.503682855,0.497377537
70.8535,0.497505027,0.497583354,0.494450276,0.502713768,0.496369286
71.0006,0.49732921,0.497642517,0.493726171,0.502263807,0.496232633
71.148,0.497545027,0.4974667,0.493080392,0.503262893,0.496252633
71.2958,0.497320046,0.498338296,0.492855411,0.504173653,0.495518527
71.4438,0.495538527,0.498162479,0.493854498,0.504428634,0.496243469
71.5922,0.495793507,0.498260806,0.493600353,0.504957759,0.497595027
71.7408,0.495451036,0.497174229,0.492631267,0.504497797,0.496234306
71.8898,0.494139478,0.496567613,0.497311719,0.50432198,0.495940998
72.039,0.492671267,0.496900921,0.497057575,0.503637038,0.494355296
72.1886,0.492759593,0.497537537,0.497224229,0.50321624,0.493542863
72.3385,0.494737767,0.498419133,0.497244229,0.503079586,0.493445372
72.4887,0.495071075,0.497460046,0.498125825,0.503569547,0.495462709
72.6392,0.494386132,0.497401719,0.49865495,0.503707038,0.496148488
72.7901,0.495218565,0.496667613,0.4996832,0.503991182,0.496158488
72.9412,0.496100161,0.496844267,0.500016508,0.50444198,0.495708527
73.0927,0.495180238,0.49678594,0.500584797,0.503169586,0.495963507
73.2444,0.495386055,0.497070085,0.500242326,0.502396316,0.49679594
73.3965,0.495758527,0.49759921,0.500027345,0.501789701,0.495993507
73.5489,0.495191075,0.498676623,0.500634797,0.502436316,0.496170161
73.7016,0.49481944,0.49865746,0.499949854,0.503474566,0.495955181
73.8547,0.49482944,0.499137421,0.499411566,0.50442449,0.497061758
74.008,0.496259325,0.498021681,0.49880495,0.505541067,0.497160085
74.1617,0.496984267,0.497180085,0.498981604,0.504621144,0.497336738
74.3157,0.49669096,0.497004267,0.499236585,0.504249509,0.498609969
74.47,0.495369402,0.498580806,0.499794874,0.503045441,0.498032517
74.6246,0.494566969,0.498561643,0.500363162,0.503143768,0.496525142
74.7795,0.495761873,0.498934114,0.500148181,0.503124605,0.495801036
74.9348,0.496330161,0.497348412,0.49891495,0.50365373,0.495507729
75.0904,0.497319248,0.497397575,0.498454989,0.504446999,0.495596055
75.2463,0.497378412,0.497378412,0.499493239,0.504271182,0.496516815
75.4025,0.497124267,0.498260008,0.499356585,0.504369509,0.496497652
75.5591,0.496752633,0.497692556,0.500355672,0.50384122,0.497535902
75.716,0.496723469,0.4979767,0.500874797,0.502911297,0.496136017
75.8732,0.494511151,0.498505825,0.5000332,0.503401259,0.495372748
76.0307,0.495784382,0.499309095,0.498682479,0.503695403,0.494570315
76.1886,0.497762556,0.498702479,0.4980367,0.504107038,0.494903623
76.3468,0.498409171,0.496216017,0.498683316,0.503970384,0.496372671
76.5053,0.497557575,0.49524693,0.499319931,0.503667076,0.497009286
76.6642,0.496128527,0.494718642,0.499770729,0.502629662,0.497695065
76.8234,0.494934459,0.496109363,0.499712402,0.503667913,0.496853469
76.9829,0.495346094,0.496560161,0.498635825,0.504197038,0.497460921
77.1427,0.495561911,0.496071036,0.498694989,0.504686999,0.497872556
77.3029,0.495924382,0.496590161,0.49905746,0.504696999,0.497647575
77.4634,0.496101036,0.496610161,0.500800652,0.504482018,0.497941719
77.6242,0.49514195,0.496708488,0.500350691,0.503601259,0.497413431
77.7854,0.494143699,0.496728488,0.499156623,0.503503768,0.498373354
77.9469,0.495260276,0.497649248,0.50003822,0.50387624,0.499333277
78.1088,0.495985219,0.496964306,0.500019056,0.504757836,0.498570008
78.2709,0.497091796,0.498110046,0.499559095,0.506569355,0.496974306
78.4334,0.497464267,0.49726845,0.497699248,0.507333461,0.496563507
78.5963,0.495565257,0.497640921,0.497249286,0.506531028,0.4962702
78.7595,0.495036969,0.49640769,0.498248373,0.505141144,0.496720998
78.923,0.49540944,0.496114382,0.498268373,0.504691182,0.49732845
79.0869,0.496839325,0.498914989,0.498954152,0.504515365,0.497505104
79.2511,0.498230046,0.498347537,0.498778335,0.503869586,0.497055142
79.4157,0.497965902,0.497182633,0.498984152,0.504349547,0.497065142
79.5806,0.49751594,0.495087805,0.499278296,0.504722018,0.49751594
79.7458,0.496361036,0.495421113,0.500708181,0.504546201,0.496635181
79.9114,0.496302709,0.496616017,0.500689018,0.504017913,0.497281796
80.0773,0.495891911,0.497105979,0.501688104,0.503176316,0.496988488
80.2436,0.496851834,0.497282633,0.501238143,0.503666278,0.496695181
80.4102,0.497341796,0.497302633,0.501728104,0.503333807,0.496715181
80.5771,0.496970161,0.497009325,0.501748104,0.503157989,0.496069402
80.7444,0.496559363,0.496481036,0.500906508,0.502668864,0.495893584
80.9121,0.496060238,0.496804344,0.500799018,0.504167076,0.494924498
81.0801,0.496158565,0.496041075,0.500270729,0.50422624,0.494435372
81.2484,0.496178565,0.496374382,0.499938258,0.503110499,0.495160315
81.4171,0.497060161,0.497569286,0.500036585,0.50336548,0.496159402
81.5862,0.497432633,0.498960008,0.50044822,0.503894605,0.497197652
81.7555,0.496786854,0.498235902,0.500389893,0.503287989,0.496316892
81.9253,0.497159325,0.497472633,0.499234989,0.503777951,0.495514459
82.0954,0.497061834,0.496161075,0.498158412,0.505521144,0.496591873
82.2659,0.495828603,0.496337729,0.498491719,0.505227836,0.4966902
82.4367,0.495613623,0.497140998,0.497571796,0.504895365,0.496240238
82.6078,0.49571195,0.499080008,0.499001681,0.506011942,0.495868603
82.7794,0.495222824,0.500196585,0.501371489,0.505640307,0.496554382
82.9512,0.496456892,0.498454229,0.501861451,0.50660023,0.496809363
83.1235,0.498748373,0.497651796,0.500902364,0.505288672,0.496751036
83.296,0.498797537,0.497544306,0.500089931,0.504632893,0.496878527
83.469,0.496428565,0.496389402,0.499013354,0.505827797,0.496350238
83.6423,0.496409402,0.496996854,0.500404075,0.505965288,0.495117007
83.816,0.496468565,0.497369325,0.502029778,0.504614566,0.49697769
83.99,0.497976777,0.497310998,0.501658143,0.504047114,0.498564229
84.1644,0.499994114,0.497644306,0.500072441,0.504106278,0.499210844
84.3391,0.499348335,0.497546815,0.499035027,0.503577989,0.497350998
84.5142,0.497919286,0.496509402,0.497762633,0.503989624,0.496783546
84.6897,0.499153354,0.495785296,0.498291758,0.503617989,0.4969602
84.8655,0.498781719,0.495687805,0.499799969,0.503285518,0.498037613
85.0417,0.498370921,0.496921873,0.500133277,0.503031374,0.498645065
85.2183,0.49893921,0.497294344,0.499291681,0.504539586,0.497764306
85.3952,0.499155027,0.497823469,0.499507498,0.505538672,0.497353507
85.5726,0.498665902,0.497686815,0.500663239,0.505989471,0.49627693
85.7502,0.497628488,0.49719769,0.501505672,0.505304528,0.495826969
85.9283,0.497805142,0.497805142,0.501329854,0.505755326,0.495651151
86.1067,0.497825142,0.498608412,0.500331604,0.506636923,0.496571911
86.2855,0.498393431,0.498863392,0.499920806,0.507322701,0.495730315
86.4646,0.49829594,0.499784152,0.501076547,0.507851827,0.496181113
86.6441,0.496945219,0.499960806,0.501840652,0.507206048,0.496945219
86.824,0.496583584,0.500852402,0.501988143,0.507079394,0.496231113
87.0043,0.496760238,0.50118571,0.502008143,0.506433615,0.496407767
87.185,0.49838594,0.499482517,0.501988979,0.503907989,0.496819402
87.366,0.499776662,0.498523431,0.500285787,0.504280461,0.496917729
87.5474,0.498935065,0.498034306,0.499796662,0.503203883,0.498739248
87.7291,0.498289286,0.498171796,0.500717421,0.503419701,0.498524267
87.9113,0.497800161,0.497995979,0.500502441,0.502969739,0.497173546
88.0938,0.496723584,0.496684421,0.501814835,0.502284797,0.496958565
88.2767,0.496978565,0.496978565,0.501521527,0.503714682,0.496665257
88.46,0.498095142,0.497233546,0.501110729,0.50416548,0.496920238
88.6437,0.498154306,0.497096892,0.501209056,0.506026163,0.496235296
88.8277,0.49754769,0.497351873,0.500994075,0.505811182,0.495981151
89.0121,0.49654944,0.496862748,0.500974912,0.504812932,0.496706094
89.1969,0.495903661,0.496961075,0.500994912,0.505733692,0.495942824
89.3821,0.496795257,0.498283469,0.501651527,0.505959509,0.49648195
89.5677,0.49673693,0.497872671,0.501945672,0.50633198,0.495757844
89.7537,0.495229555,0.497383546,0.502200652,0.506861105,0.496443623
89.94,0.49485792,0.496972748,0.500732441,0.506450307,0.497051075
90.1268,0.495465372,0.497541036,0.501065748,0.504707951,0.496326969
90.3139,0.497443546,0.497051911,0.502769778,0.502730614,0.495877007
90.5014,0.498364306,0.498129325,0.502907268,0.503808028,0.495387882
90.6893,0.498971758,0.497287729,0.50057746,0.504767951,0.495290392
90.8776,0.498218488,0.496377805,0.500059171,0.504876278,0.495907844
91.0663,0.496946094,0.497259402,0.500901604,0.504347989,0.495692863
91.2554,0.496652786,0.498140998,0.501156585,0.503349739,0.496065334
91.4448,0.496398642,0.497769363,0.500902441,0.503839701,0.496986094
91.6347,0.49583119,0.498141834,0.500256662,0.50374221,0.496927767
91.8249,0.496007844,0.498514306,0.500354989,0.50454548,0.496438642
92.0156,0.497711873,0.498025181,0.499865864,0.505113768,0.496341151
92.2066,0.495352901,0.497506892,0.500130844,0.505339586,0.496331988
92.3981,0.495177084,0.498075181,0.501208258,0.506142855,0.496900276
92.5899,0.494257161,0.498956777,0.502481489,0.507259432,0.496606969
92.7822,0.49506043,0.498937613,0.501209095,0.507475249,0.496744459
92.9748,0.496764459,0.499075104,0.501581566,0.507886884,0.498174344
93.1678,0.496167844,0.498243507,0.501964037,0.506506999,0.498243507
93.3613,0.496696969,0.496971113,0.501749056,0.503981374,0.496266171
93.5551,0.495777046,0.496795296,0.502199854,0.503648903,0.496364498
93.7494,0.495483738,0.498303507,0.501240768,0.505039624,0.496776132
93.944,0.496365334,0.500007537,0.500203354,0.505764566,0.498166854
94.139,0.497570238,0.499019286,0.499606738,0.506068711,0.498901796
94.3345,0.497746892,0.4980602,0.500370844,0.506323692,0.498295181
94.5303,0.497649402,0.496787805,0.500312517,0.505638749,0.496435334
94.7266,0.498687652,0.49719944,0.500606662,0.504562172,0.495045449
94.9233,0.498550998,0.498864306,0.500783316,0.505052134,0.494908795
95.1204,0.497797729,0.49916845,0.500225864,0.506531182,0.494977959
95.3178,0.496525334,0.49828769,0.500480844,0.506120384,0.496642824
95.5157,0.496623661,0.499482594,0.499952556,0.505278787,0.497132786
95.7141,0.497035296,0.498131873,0.500168373,0.504867989,0.496095372
95.9128,0.497848565,0.497809402,0.500355027,0.505837913,0.49530294
96.1119,0.49747693,0.498534344,0.500531681,0.507032817,0.496223699
96.3115,0.496557007,0.49929845,0.499611758,0.507601105,0.496517844
96.5114,0.495793738,0.500532517,0.500297537,0.506602855,0.49649868
96.7118,0.497037805,0.499896738,0.500131719,0.504870499,0.496215372
96.9126,0.498898488,0.499642594,0.500190883,0.504655518,0.497723584
97.1138,0.498331036,0.49927096,0.501229133,0.505615441,0.498918488
97.3154,0.497186132,0.498361036,0.501024152,0.504548864,0.497734421
97.5175,0.495639593,0.496892824,0.50057419,0.503080652,0.496383699
97.7199,0.495424613,0.498596854,0.500320046,0.504001412,0.494837161
97.9228,0.496110392,0.499948412,0.500261719,0.506057913,0.496462863
98.1262,0.496022901,0.499704267,0.501035825,0.505892095,0.498216055
98.3299,0.495533776,0.498549363,0.500115902,0.505324643,0.496552026
98.534,0.494613853,0.498491036,0.499195979,0.506637038,0.496258719
98.7386,0.495466286,0.499421796,0.498481873,0.505962095,0.497306969
98.9436,0.496191228,0.499167652,0.499402633,0.507117836,0.497131151
99.149,0.494566362,0.499931758,0.49950096,0.507451144,0.496642026
99.3549,0.509674298,0.516841213,0.510535894,0.528981888,0.524203945
99.5611,0.543609861,0.554458142,0.537578687,0.577877896,0.579875233
99.7679,0.545862179,0.557767873,0.540300967,0.580678502,0.581853406
100,0.545187237,0.558698633,0.54217165,0.581726753,0.583449945